freq_hz,R_ohm,X_ohm,S11_real,S11_imag
100000000.0,68.82541092925396,-1789.0675362694044,0.996303895253,-0.0556495530863
100562500.0,66.85818973624622,-1779.4697048239618,0.996325408597,-0.055955205998
101125000.0,63.754770539220786,-1769.2289297233895,0.996380822536,-0.0562890983891
101687500.0,65.85860443751771,-1761.348392247528,0.996281543461,-0.0565300909536
102250000.0,63.07538596547627,-1748.916309175172,0.996318554588,-0.0569402427187
102812500.0,62.3644077302737,-1741.7345478500838,0.996311404034,-0.0571760680879
103375000.0,63.95781182237683,-1731.3572805554609,0.99621476112,-0.0575090095951
103937500.0,59.199537817069654,-1721.682006291659,0.996330800592,-0.0578500122302
104500000.0,58.512918053814154,-1712.3570661571441,0.996314026352,-0.058165452879
105062500.0,60.230843664853325,-1703.4931023003192,0.996217249618,-0.0584581317644
105625000.0,59.162103727138735,-1694.9807105152895,0.99621605557,-0.0587540235991
106187500.0,58.27442976845744,-1686.6331573505868,0.996209482072,-0.0590463808913
106750000.0,57.836824328998794,-1678.7573203945258,0.996189316155,-0.0593230878256
107312500.0,58.86710296174882,-1669.930205818404,0.99611260965,-0.059629313086
107875000.0,54.356800347601876,-1661.0549420699504,0.996232598138,-0.0599660152553
108437500.0,54.075269530498154,-1651.7843682580499,0.996200555427,-0.0603011952989
109000000.0,55.293070586840095,-1644.0225955879675,0.996120225879,-0.0605779305813
109562500.0,55.68036328490114,-1636.1480762009442,0.996068656591,-0.0608652331955
110125000.0,52.42088466118791,-1629.2898296245394,0.996156923546,-0.0611348496128
110687500.0,51.81891325135677,-1618.5075833878805,0.996128461111,-0.0615417592973
111250000.0,53.76772250183493,-1612.48331371998,0.996025550278,-0.0617603788869
111812500.0,51.84970093563435,-1603.0034929209685,0.996052327319,-0.0621320734221
112375000.0,52.66547113809767,-1595.739484517234,0.995984806628,-0.0624085442812
112937500.0,52.57922780985994,-1588.8599769249515,0.995953479782,-0.062676958654
113500000.0,53.73146412663184,-1581.1802779762006,0.995868739335,-0.0629728688559
114062500.0,49.33976231786491,-1571.0829063916103,0.995991406286,-0.0633969008561
114625000.0,51.180842044109966,-1563.4280155268536,0.995877816317,-0.0636952344431
115187500.0,50.703168698600905,-1556.8078608728217,0.995862293279,-0.0639663521266
115750000.0,48.011851111314115,-1549.1979861839445,0.99593247808,-0.0642921921765
116312500.0,49.42650005445497,-1539.9178265969388,0.995824578309,-0.0646689392869
116875000.0,48.567430864461194,-1534.9574549304855,0.995833670755,-0.0648808442933
117437500.0,48.22995939063696,-1526.381238837048,0.995801221236,-0.0652442205123
118000000.0,46.69450629335711,-1521.2530554033578,0.995838520299,-0.065470769259
118562500.0,48.18957577549648,-1512.8762206430472,0.995727982391,-0.0658219959072
119125000.0,47.75263119244666,-1505.2181660231558,0.995703629199,-0.0661565351106
119687500.0,47.045072811996675,-1498.9853223051869,0.995699071126,-0.0664333496549
120250000.0,47.662798402031406,-1492.2480337277925,0.995632922471,-0.0667271772099
120812500.0,45.94709325214477,-1484.3679523373337,0.995663514177,-0.06708843763
121375000.0,45.76920482379481,-1479.144369229142,0.99564098909,-0.0673244228643
121937500.0,45.81638848465382,-1471.4871884833483,0.99559354532,-0.0676715300044
122500000.0,46.31491278257065,-1466.557223467661,0.99554111385,-0.067894072714
123062500.0,44.413454516370884,-1458.255067683317,0.995578697518,-0.0682888554726
123625000.0,45.385733994135705,-1452.2070295364297,0.995496432125,-0.0685648959463
124187500.0,43.82039022681715,-1445.802855298053,0.995530549395,-0.0688756935534
124750000.0,43.739176103966294,-1438.5367100562978,0.995489350962,-0.0692211570128
125312500.0,42.33840763193239,-1433.208227249128,0.995523229842,-0.069485103615
125875000.0,42.18294530388686,-1425.2015475727374,0.995480557226,-0.0698731941623
126437500.0,41.521139582345214,-1419.3716712303558,0.995475951617,-0.070161999112
127000000.0,44.145213532898914,-1413.7888227567814,0.995310704382,-0.0704196579151
127562500.0,41.10038083550931,-1408.1622783981304,0.9954248969,-0.070718558431
128125000.0,40.90584044905781,-1401.050096739795,0.995388311762,-0.0710758100917
128687500.0,41.367120128347,-1394.0973105635726,0.995318960278,-0.0714242156031
129250000.0,41.10105779774205,-1387.8757149717228,0.995290714241,-0.0717434407215
129812500.0,41.58587467693984,-1381.9372689369839,0.995225273332,-0.0720457467352
130375000.0,39.42292124210656,-1376.249691206423,0.995298626926,-0.0723557579138
130937500.0,39.48303826996092,-1369.7988148517827,0.995251266856,-0.0726932070978
131500000.0,39.30496653673193,-1363.3144992637617,0.99521563911,-0.0730372433247
132062500.0,38.78890945723219,-1357.8102681343573,0.995204571127,-0.0733344130891
132625000.0,39.486760344369195,-1350.6886881828925,0.995116332009,-0.0737127490916
133187500.0,37.831428976795436,-1344.8700705814056,0.995164505672,-0.0740408265464
133750000.0,39.698768128389545,-1340.0144419133171,0.995026914936,-0.0742931697466
134312500.0,38.9618555962888,-1333.9089073500286,0.995022353266,-0.0746356657201
134875000.0,38.172753721153974,-1330.0475782278509,0.995037556036,-0.0748563053535
135437500.0,37.50631551349706,-1323.7939853077821,0.995028298475,-0.075211812278
136000000.0,36.724614096119005,-1316.4218220942707,0.99501722302,-0.0756352325054
136562500.0,37.187248362337144,-1312.8599555487576,0.994963776377,-0.0758351300909
137125000.0,37.097180011516706,-1307.0985737530557,0.994924680638,-0.07616713536
137687500.0,37.980943677762326,-1301.5996984592907,0.994830435484,-0.0764791025638
138250000.0,39.07871743732516,-1297.2179830056339,0.994731281942,-0.0767262485232
138812500.0,36.83304380661372,-1291.2280260473099,0.994815348932,-0.0770969952313
139375000.0,36.07751520183403,-1287.0334837328926,0.99482665122,-0.0773520597949
139937500.0,37.06600043839635,-1280.5789783521427,0.994715146865,-0.0777303631071
140500000.0,36.84313224477274,-1275.70201333107,0.994688354904,-0.0780266230376
141062500.0,35.70847050140294,-1270.5869317963518,0.994715020649,-0.0783472818837
141625000.0,35.87308073433504,-1267.2122402570453,0.994676851912,-0.0785526541744
142187500.0,36.60343760319658,-1261.5291755350952,0.994583751102,-0.0788970530026
142750000.0,35.66759284003302,-1257.5045382408018,0.994607544964,-0.0791552144192
143312500.0,36.117700595477785,-1251.5053287280894,0.994527629533,-0.079527213951
143875000.0,35.76277995080915,-1247.3964386047412,0.994514177358,-0.0797898066081
144437500.0,35.201275657365464,-1241.5145031655586,0.994498236355,-0.0801692146691
145000000.0,34.22432529198688,-1237.3893042182192,0.994524580666,-0.0804426191188
145562500.0,34.18547658281862,-1232.353866027627,0.994482474701,-0.0807686065237
146125000.0,34.08406763916352,-1227.1357619376356,0.994442311321,-0.0811097598297
146687500.0,34.596141634864736,-1223.053075863541,0.994371571617,-0.0813732933095
147250000.0,34.684065110403175,-1216.6879986760464,0.994306957728,-0.0817940919495
147812500.0,34.263500542252125,-1212.7751793935452,0.994298522653,-0.0820593752671
148375000.0,33.83981983860236,-1207.8617750078324,0.99428088989,-0.0823939567407
148937500.0,33.15023261387989,-1203.2941736910946,0.994284542854,-0.0827102470741
149500000.0,32.766338376429445,-1198.8820841650472,0.994268927946,-0.0830153869723
150062500.0,33.34325762896112,-1193.6532902544272,0.994178941245,-0.0833699825678
150625000.0,31.73320001962402,-1189.6921522884636,0.994252429218,-0.0836604935623
151187500.0,32.82588329356606,-1185.7934388513947,0.994138155399,-0.0839222787736
151750000.0,30.90284298162702,-1181.785368271449,0.994234247563,-0.0842230212932
152312500.0,31.749424413752664,-1177.5082050147737,0.994132290896,-0.0845177279736
152875000.0,31.061410119556662,-1173.3518439433774,0.994140105853,-0.0848210954208
153437500.0,31.744169332395145,-1168.7211413315956,0.994044536464,-0.0851470655069
154000000.0,30.292896380733097,-1165.0714566112692,0.994112726732,-0.0854259137607
154562500.0,30.067694034563175,-1161.5501511460989,0.994093602268,-0.0856847104323
155125000.0,30.107048269985665,-1158.1952995134072,0.994056606487,-0.0859301469543
155687500.0,28.17022553518979,-1153.0496668027424,0.994147332382,-0.0863297553594
156250000.0,29.92804545791316,-1149.616952707091,0.99398135646,-0.0865670442239
156812500.0,28.687373233900544,-1145.3551102677973,0.994029925619,-0.0868990146695
157375000.0,29.389962621935865,-1142.69946254012,0.993949234753,-0.0870916922915
157937500.0,28.385208943980047,-1138.1899882150137,0.993977876233,-0.0874440608341
158500000.0,28.18274287482495,-1134.553901800915,0.993954904066,-0.0877237984559
159062500.0,28.318221086320808,-1131.0138970872779,0.99390674349,-0.0879943095711
159625000.0,28.502628961132366,-1126.718813515658,0.9938461067,-0.0883245242769
160187500.0,27.851240620244212,-1122.5208750019972,0.993851166254,-0.0886587571606
160750000.0,28.136538792546137,-1118.2446981688686,0.993781792249,-0.0889913727575
161312500.0,27.119830863111527,-1115.1499315042042,0.993827978486,-0.0892472051812
161875000.0,26.833114775978768,-1112.315438895322,0.993819476422,-0.0894756358155
162437500.0,27.019660223464772,-1108.5438502861184,0.993762587714,-0.0897750653701
163000000.0,26.823196495056422,-1105.8156303998362,0.993747756159,-0.0899966322658
163562500.0,25.890855700249187,-1101.9827698898232,0.993780077624,-0.09031716964
164125000.0,25.423026925656803,-1098.3534914104896,0.993777332366,-0.0906180645392
164687500.0,26.09668183619199,-1095.017783360869,0.993684160842,-0.0908838076507
165250000.0,25.33059127838004,-1092.0217555093693,0.993712947913,-0.0911395694699
165812500.0,25.00812734519052,-1087.741857047133,0.993690478901,-0.0914984874335
166375000.0,26.153032997070078,-1084.320922076966,0.993554825517,-0.0917709677909
166937500.0,25.54700153195102,-1080.7763456781229,0.993563811889,-0.0920761873489
167500000.0,25.351596424179228,-1077.5847311631665,0.993542399025,-0.0923485704461
168062500.0,25.05459224490712,-1074.2000053008182,0.993527203277,-0.092640277779
168625000.0,24.868944231157386,-1071.083132486809,0.993505607452,-0.0929094751548
169187500.0,24.830444039900602,-1067.7922436087813,0.993469038343,-0.0931934894965
169750000.0,24.482567707526695,-1063.2498055372002,0.993443711824,-0.0935919953183
170312500.0,23.867714294482305,-1060.4791273076016,0.993463453043,-0.0938416963185
170875000.0,25.01250325041689,-1057.2468969709714,0.993322712745,-0.0941115270739
171437500.0,23.945923586652317,-1052.8181941183188,0.993361494571,-0.0945168977329
172000000.0,23.98391305369363,-1050.089576731899,0.993323726088,-0.0947595951205
172562500.0,24.075976109630975,-1046.2536321553316,0.993266640067,-0.0951023888782
173125000.0,23.44617638841278,-1042.9491436115277,0.993281156971,-0.0954088003996
173687500.0,23.793482641785708,-1040.14214361571,0.993213401133,-0.0956592268134
174250000.0,23.57416262100832,-1035.43601720484,0.993172030648,-0.0960925023075
174812500.0,23.37913813322488,-1032.3883773413793,0.993149884677,-0.0963758858829
175375000.0,23.485123902987805,-1029.0028219147994,0.993095105477,-0.0966883577494
175937500.0,23.01891583088304,-1024.9058488006103,0.993083782705,-0.0970771953618
176500000.0,23.42645245437961,-1021.9452711500778,0.993005429625,-0.0973500404762
177062500.0,23.384487727524707,-1017.3452642749431,0.992946353964,-0.097786243562
177625000.0,23.25752697853876,-1014.5726460518267,0.992920092279,-0.0980524596797
178187500.0,22.905814120645577,-1011.4046088846621,0.992909750335,-0.0983613073363
178750000.0,23.807191033832105,-1008.1693463579506,0.992777121962,-0.0986609045595
179312500.0,23.27965981481665,-1004.6201573214992,0.99277770749,-0.099013295858
179875000.0,22.8501532440553,-1001.4483667319647,0.992774278771,-0.0993297392114
180437500.0,23.19070638081544,-998.1268162926597,0.992692723459,-0.0996518414741
181000000.0,22.682517424722707,-994.4872715070413,0.992689991159,-0.100020073665
181562500.0,23.273623989344614,-990.4061472211392,0.992570657697,-0.100419030561
182125000.0,23.25291210709942,-988.0771539406832,0.992537871647,-0.100653452993
182687500.0,23.17306292683223,-984.0520016645137,0.992485148083,-0.101061849475
183250000.0,23.1716740492516,-981.7878085537418,0.992450780106,-0.101292366921
183812500.0,23.035628880761447,-978.0437979349045,0.992407180086,-0.101677914458
184375000.0,23.71173572075155,-974.850045547183,0.992287679902,-0.101996724474
184937500.0,23.64898373464566,-970.6054647236778,0.992227013139,-0.10243866435
185500000.0,23.59652372792814,-967.4551541995667,0.992182109178,-0.102769239464
186062500.0,23.769784258897708,-965.1813570123225,0.992127167206,-0.103005743015
186625000.0,23.35665711154148,-961.6421023966101,0.992113346934,-0.103387176214
187187500.0,24.47129563190489,-959.2461476827342,0.991955129701,-0.103623963803
187750000.0,23.63590923204294,-956.2354792195107,0.991994430784,-0.103960274213
188312500.0,23.838390413101756,-952.8373153823077,0.991915661584,-0.104323229012
188875000.0,23.62999722667826,-949.4593213053754,0.991881083519,-0.104693483935
189437500.0,23.20832743767303,-947.1033469140483,0.991887053286,-0.104957991189
190000000.0,24.150383269515252,-943.7396562322211,0.99172560648,-0.105311300519
190562500.0,24.502114959405564,-940.629697168778,0.991632123601,-0.105648987917
191125000.0,23.478603514835044,-937.5600792262312,0.991691869353,-0.106008705324
191687500.0,23.25147106373456,-934.8585153320063,0.99166959096,-0.106315323285
192250000.0,23.484689709517678,-931.3122187255851,0.991580025717,-0.106711002824
192812500.0,23.377728576287424,-928.9112765459173,0.991548880464,-0.106985326321
193375000.0,23.16826412214867,-925.0774179126903,0.991503146003,-0.10742700883
193937500.0,22.966355952958036,-922.8462726406747,0.991485534753,-0.107687199314
194500000.0,23.174912234251074,-919.7320221902935,0.991403944964,-0.108043410504
195062500.0,22.792524637695852,-917.082238352652,0.991399124883,-0.108358788809
195625000.0,22.233141920388363,-913.4543903061904,0.99139688922,-0.108794233552
196187500.0,22.81158734224204,-910.6619975863357,0.991275941288,-0.109112697906
196750000.0,21.663903687517212,-908.7681282402062,0.991376135332,-0.109359007105
197312500.0,21.875574764531276,-906.8310216114163,0.991314220207,-0.109585691509
197875000.0,21.341414092659168,-904.4608322032907,0.991333005169,-0.109879478242
198437500.0,20.94741592665534,-902.78607187798,0.991348469342,-0.110088313668
199000000.0,20.94131999970262,-900.899542794504,0.991313158736,-0.110316122157
199562500.0,20.061520973300567,-899.8654568742018,0.991399974756,-0.110458145039
200125000.0,20.324423005666883,-898.780771767178,0.991347374306,-0.110584819138
200687500.0,19.521734302468733,-896.3333615916487,0.991398451912,-0.110898477864
201250000.0,19.333182949454436,-894.2189081700403,0.991381128111,-0.111161176833
201812500.0,18.605774672584136,-892.0444924489752,0.991429100677,-0.111442857003
202375000.0,18.501754535516593,-890.9546602583317,0.991421116963,-0.111579562793
202937500.0,18.413533148693887,-890.6212477283171,0.991425657284,-0.11162253222
203500000.0,17.566059383551053,-890.0578525581647,0.991519984941,-0.111708512557
204062500.0,17.50701678889196,-889.204246753276,0.991511128865,-0.111815639654
204625000.0,18.590723449947834,-888.9493404869685,0.991371537272,-0.111826583329
205187500.0,18.39575118325112,-888.9169569358802,0.991395151752,-0.111834366714
205750000.0,18.051256365291202,-889.2444115985915,0.991444254075,-0.111800276104
206312500.0,18.45586149158125,-889.6307370545103,0.991401411466,-0.111744538575
206875000.0,18.8037479214381,-889.3262893157988,0.991352349981,-0.111775633378
207437500.0,18.879282073584523,-889.327298459096,0.991342989101,-0.111774047054
208000000.0,19.899584567226885,-889.1200789567736,0.991212247171,-0.111779884495
208562500.0,19.92882978928639,-888.0064701279094,0.991186688065,-0.111917760459
209125000.0,19.82829932692218,-887.1349233563028,0.991182008064,-0.112028342029
209687500.0,20.859376526562855,-886.7903748968673,0.991046532072,-0.112050790872
210250000.0,20.372171952541414,-885.1862303537142,0.991075262435,-0.112261062617
210812500.0,21.115409812714958,-883.9988014255459,0.990958119559,-0.112394929503
211375000.0,21.468153305319685,-882.3689421847253,0.990880472654,-0.112592634976
211937500.0,21.573797042649318,-880.976677556487,0.990838468547,-0.112766066274
212500000.0,21.204764984750764,-878.9077281613606,0.990842406982,-0.113035683449
213062500.0,22.409165525124475,-876.6893087645029,0.990642721968,-0.113292641205
213625000.0,22.124760387762578,-874.4540287344192,0.99063158858,-0.113584364995
214187500.0,22.2845022969657,-872.0680647229942,0.990560025875,-0.113887482166
214750000.0,22.080614202055116,-869.6865461449498,0.990535016023,-0.114199487829
215312500.0,22.044635200637774,-866.6533921218688,0.990473796069,-0.114594472272
215875000.0,21.934903841491423,-864.5598192107938,0.990442301069,-0.114870556831
216437500.0,22.112469948147574,-862.3061963097705,0.990369237608,-0.115162690888
217000000.0,22.16408652637284,-859.6741001038524,0.990303747842,-0.115509213094
217562500.0,22.65058986605235,-857.1099307233978,0.990181232075,-0.115838887358
218125000.0,22.360756650654192,-854.4665587653494,0.990159673975,-0.116198750606
218687500.0,22.179924118266857,-851.9681099059111,0.990126670391,-0.116538803112
219250000.0,21.447598671419055,-848.6737499432845,0.990149939727,-0.117001659181
219812500.0,21.738104740403266,-845.6711072558609,0.99004060677,-0.117404427269
220375000.0,21.720680378193315,-843.5809399909992,0.989993943052,-0.11769156234
220937500.0,21.46328839396377,-840.6215197355732,0.989959517574,-0.118106034378
221500000.0,21.86663114745641,-838.2613981394337,0.98984715161,-0.118424096839
222062500.0,21.73930402289908,-835.5598090360137,0.989799713019,-0.1188044679
222625000.0,21.14368324148158,-832.6989584454411,0.989814047214,-0.119221157652
223187500.0,20.88505241119441,-829.9139807786781,0.989782804685,-0.119621738968
223750000.0,20.766524986863544,-827.4692660082179,0.989739718475,-0.119972933871
224312500.0,20.482358096538672,-824.5610509514634,0.989708631863,-0.120396955436
224875000.0,21.455575019739015,-821.6947503230165,0.989496278339,-0.120786277982
225437500.0,20.788908984133286,-819.7881854180628,0.989544720098,-0.121079912968
226000000.0,20.49201564993078,-816.4176110511697,0.989502412863,-0.121579939702
226562500.0,19.937243092703348,-814.6724915702721,0.98953947426,-0.121850707733
227125000.0,20.045687898608506,-811.8377159523593,0.989450742102,-0.122267132979
227687500.0,20.02098934333641,-809.5796628085427,0.98939593541,-0.122603738046
228250000.0,19.765092837393095,-806.9758973040352,0.989366329799,-0.123000130912
228812500.0,20.27629020446026,-804.4021072645259,0.989221452798,-0.123374271142
229375000.0,19.724275264025373,-802.6130474349603,0.989257474229,-0.12365982025
229937500.0,19.489656374795018,-799.588972566051,0.989212550708,-0.124126754196
230500000.0,19.202876769276063,-797.349114150585,0.989196413298,-0.124477921853
231062500.0,19.147332473319267,-794.52125744983,0.989128553651,-0.124915812578
231625000.0,19.022856078195673,-792.7043018738979,0.989098399858,-0.12520121335
232187500.0,18.559356938059732,-789.6809656582684,0.989088055331,-0.125686053491
232750000.0,18.2540642728684,-787.6391821812404,0.98907994549,-0.126015394032
233312500.0,18.632103052829407,-785.292282789357,0.988955145036,-0.126375835534
233875000.0,18.427680469877938,-783.1119372993487,0.988926603931,-0.126728081217
234437500.0,17.759087610886553,-781.1003076391105,0.988977046161,-0.127068308301
235000000.0,18.31765011340018,-778.9436298669955,0.988826404681,-0.127399008631
235562500.0,17.635940758158963,-776.742726038591,0.988873908745,-0.127773937269
236125000.0,17.851907912485036,-774.2945680617946,0.988768768546,-0.128165615014
236687500.0,17.690452112245755,-771.7344732878923,0.988721192249,-0.128588958818
237250000.0,17.41627949149785,-769.9954664931349,0.988715769248,-0.128882913555
237812500.0,17.46520088721927,-767.7132751192482,0.988640983407,-0.129258754381
238375000.0,17.151441209151677,-765.762017609659,0.988635750186,-0.129592317149
238937500.0,17.278890504804465,-763.5170397525224,0.988547976089,-0.129963727554
239500000.0,16.846709556327706,-761.2191789922335,0.988552138604,-0.130362911068
240062500.0,16.18295231864189,-759.7538687979977,0.988620657598,-0.130630307525
240625000.0,16.642577419245704,-757.2329144539044,0.988467008052,-0.131044768125
241187500.0,16.553116870010673,-755.0615344257471,0.988416423846,-0.131418529985
241750000.0,16.29128678604382,-753.0522825083381,0.988400114982,-0.131771765388
242312500.0,15.650313990153625,-751.0408922071485,0.988449418785,-0.132138877851
242875000.0,16.348130786286895,-748.9278784933455,0.988263096985,-0.132484423765
243437500.0,15.812721776922471,-746.8959949160646,0.988293403663,-0.132855923325
244000000.0,15.515874658094933,-744.379660357752,0.988267075927,-0.133307386676
244562500.0,15.803728174583586,-742.3543597532242,0.988152440813,-0.133656366575
245125000.0,15.596886242384814,-741.1944408614501,0.988152395571,-0.133868831942
245687500.0,15.4308418215239,-738.0717854512986,0.98808249019,-0.134431676236
246250000.0,15.098289636233226,-736.5623883491432,0.988093851279,-0.134713544503
246812500.0,14.986658398026384,-734.7472297442787,0.98805560842,-0.135044774431
247375000.0,14.514876065247634,-732.0465496043811,0.988054002408,-0.135550540467
247937500.0,14.343279600684506,-729.9832526865708,0.98801835947,-0.135933340372
248500000.0,14.606958798273318,-727.860626072979,0.987900302341,-0.136314936923
249062500.0,14.41910530966465,-726.2182906051812,0.987880730946,-0.136624605596
249625000.0,14.875693513712761,-724.0182889407192,0.987722501618,-0.137017932134
250187500.0,14.18845708561105,-722.5283774359726,0.987800754028,-0.13731910375
250750000.0,14.347993825531844,-720.9766915501413,0.987718631012,-0.137604612891
251312500.0,13.975838884049208,-719.5885148237796,0.987741756494,-0.137878477136
251875000.0,13.942465520238738,-718.335950595137,0.987705622284,-0.138116249221
252437500.0,14.110876070315145,-716.8325242883902,0.987622405032,-0.138395591971
253000000.0,13.915861131830061,-715.9175677850654,0.987628147364,-0.13857634852
253562500.0,13.732550485229444,-714.5345127805831,0.987615643364,-0.138846635944
254125000.0,13.68680966933765,-713.3243760621016,0.987582698367,-0.139080038484
254687500.0,13.90753418607026,-711.557794746446,0.987478898718,-0.139412157416
255250000.0,13.67709030976076,-710.5971887568602,0.987489843236,-0.139605660123
255812500.0,13.596748047273307,-708.7606772710607,0.98744105931,-0.139964441305
256375000.0,13.573972767866072,-707.633828873751,0.987405789615,-0.140184558686
256937500.0,13.59310225342976,-706.3179763124192,0.987355455497,-0.140440846071
257500000.0,13.46198544410364,-704.8215035503699,0.987327897928,-0.140738900194
258062500.0,13.45903233702648,-703.3472048437276,0.987275729831,-0.141029251904
258625000.0,13.215614353831088,-702.4605067209866,0.987291989453,-0.14121314203
259187500.0,13.116539328041695,-700.9605541967612,0.987257663319,-0.141514022739
259750000.0,13.1564957309613,-699.7033804842159,0.98720423856,-0.141762734487
260312500.0,13.157293716224041,-698.3653588990616,0.987155398407,-0.142029910935
260875000.0,12.898702705260247,-696.6749427267958,0.987145487115,-0.142378405957
261437500.0,13.113461317804948,-695.3120042801546,0.987052110945,-0.142645047539
262000000.0,12.987053274134666,-694.232828147058,0.987037742993,-0.142867841459
262562500.0,12.786891718385409,-693.0141602093732,0.987033149793,-0.143122402795
263125000.0,12.733857775305783,-691.5587518665855,0.986989779521,-0.143420668759
263687500.0,12.543797255990818,-690.1942918228298,0.986977635553,-0.143706682384
264250000.0,11.959188826057924,-688.9028735895612,0.987049371368,-0.143993577844
264812500.0,12.048042356532651,-687.3866538666301,0.986974284881,-0.144302743323
265375000.0,12.147212259838039,-686.3368620417034,0.986914187983,-0.144516138865
265937500.0,11.959266078927618,-685.0394643735747,0.986904056986,-0.14479251217
266500000.0,11.828357419175282,-683.582608128708,0.986875967532,-0.14510106233
267062500.0,11.839487856583029,-682.1980341983964,0.986820741971,-0.145390336033
267625000.0,11.875575856615582,-680.5284906724443,0.986748925561,-0.145739794142
268187500.0,11.630033737826448,-679.1830313487319,0.986748732828,-0.146033277304
268750000.0,11.17829028420771,-677.9125610138308,0.986795336847,-0.146319993151
269312500.0,11.32155176635722,-676.8794076458747,0.986724812392,-0.146534144451
269875000.0,11.106282506764634,-675.2081454723517,0.986705621751,-0.14689933857
270437500.0,10.981148552381368,-673.762127441512,0.986675857798,-0.147214386896
271000000.0,11.129051551271523,-672.3561399098256,0.986588610516,-0.147511368743
271562500.0,10.837134112937072,-670.7580240750746,0.986588450337,-0.147868644421
272125000.0,10.920357966768563,-669.3017975526814,0.986512382139,-0.148181776673
272687500.0,10.578803073481865,-667.9066465572974,0.986531132134,-0.148499902819
273250000.0,10.605411766828537,-666.5546194373534,0.986471042262,-0.148795116039
273812500.0,10.434747632208119,-665.3952052130378,0.986461845245,-0.14905701793
274375000.0,10.503139648010384,-663.9154184788032,0.986386789547,-0.149381013404
274937500.0,9.52045737904553,-662.4125982467658,0.986543974971,-0.14975423399
275500000.0,10.484084774692414,-660.9247652402089,0.986268592751,-0.150046531187
276062500.0,10.06357536197388,-659.4688334486202,0.986302703006,-0.150389656553
276625000.0,9.96022339134688,-658.1718508119627,0.986272384213,-0.150685400733
277187500.0,9.694912776931538,-656.3896020530517,0.986258418567,-0.151098824821
277750000.0,9.928520513799716,-655.1837544888682,0.986155128453,-0.151362570656
278312500.0,9.535668139885148,-653.6900764505556,0.986181977958,-0.151719199049
278875000.0,9.920450135294564,-652.3532908758542,0.9860375828,-0.152008684655
279437500.0,9.88550520815741,-650.8553575809525,0.985981823604,-0.152354149458
280000000.0,9.644033005267952,-649.4565069624516,0.985977696102,-0.152687134828
280562500.0,9.547733667792027,-647.9838729372576,0.985936785354,-0.153032462043
281125000.0,9.90262265784223,-646.0401228072009,0.985769866862,-0.15346969051
281687500.0,9.33774225445993,-644.7521318159498,0.985845891537,-0.153795733689
282250000.0,9.71772661099363,-643.3460601418631,0.985694994702,-0.154109496812
282812500.0,9.410500920053424,-641.8755469351308,0.985702607756,-0.154470107544
283375000.0,9.309841096310961,-640.0681824870265,0.98564638609,-0.154903324603
283937500.0,9.046133209623626,-638.5073448872818,0.985639766137,-0.15528730329
284500000.0,9.308144845308576,-637.1526534210906,0.985516263107,-0.15560006837
285062500.0,9.479955944994167,-636.0361840733372,0.985424433543,-0.155860701689
285625000.0,9.185637872698967,-634.2222727284079,0.985412945073,-0.156312163909
286187500.0,9.375461006659942,-632.7419410221654,0.985299021253,-0.156662797553
286750000.0,9.327033606603768,-631.3015820123693,0.985244284601,-0.157016218557
287312500.0,9.507042629437331,-629.9311456745595,0.985136406124,-0.157343405174
287875000.0,10.133549060890477,-628.6393979798368,0.984921510576,-0.15763134992
288437500.0,10.005822088640434,-627.1629731851856,0.98488267371,-0.158001790037
289000000.0,9.655097008296167,-625.68931181184,0.984899196464,-0.158383974649
289562500.0,10.063195665415664,-624.3325060830875,0.984732231979,-0.15870224295
290125000.0,9.903424252608433,-622.8205329152734,0.984698756743,-0.159088209038
290687500.0,10.046668057327949,-621.7636025479364,0.984611135757,-0.159346654534
291250000.0,9.52522218926615,-620.6650367573333,0.984688768072,-0.159649069384
291812500.0,9.861799660754468,-619.0175126635005,0.984522480854,-0.160049571818
292375000.0,9.926082347551475,-617.6781950266884,0.984439532293,-0.160386950565
292937500.0,9.967088627675523,-616.197583040277,0.984354868089,-0.160763056712
293500000.0,10.182652134833994,-615.1744971192325,0.984247919706,-0.161014473934
294062500.0,10.090819915317741,-613.9479521491032,0.984209190349,-0.161334714049
294625000.0,10.092236893050046,-612.3913701318965,0.984129213305,-0.16173691165
295187500.0,10.097546627028922,-611.2957578903603,0.984071437185,-0.162020971314
295750000.0,10.269494379655649,-609.9760116369005,0.98395821411,-0.162355843158
296312500.0,10.114406741821771,-608.6191946212598,0.983927964222,-0.162718888887
296875000.0,10.061597174471823,-607.6861989502977,0.98389294125,-0.162966650381
297437500.0,10.124904117540474,-606.2802330197657,0.983802153432,-0.163333885281
298000000.0,10.450591025082232,-605.2673326636213,0.983662126856,-0.163584519714
298562500.0,10.213964232436966,-603.9365724165076,0.983653727398,-0.163950538266
299125000.0,10.588392685443562,-602.6463650304692,0.983484312659,-0.164274351916
299687500.0,10.576666932491246,-601.8337485917034,0.983443270813,-0.164492351521
300250000.0,10.422121099521423,-600.5711458025825,0.983415848953,-0.164839671551
300812500.0,10.476500221115623,-598.9532237957444,0.983312333197,-0.165272986908
301375000.0,10.38535695178834,-597.8210553398714,0.983274441019,-0.165584701754
301937500.0,10.764386935448027,-596.3216677253297,0.983087735425,-0.165971390892
302500000.0,10.85520906437418,-594.6792945932167,0.982970267069,-0.166415163504
303062500.0,10.872904086798211,-593.442231858071,0.982895065156,-0.166753843305
303625000.0,10.930043090478502,-591.8685334389108,0.982789136189,-0.167184663039
304187500.0,11.34620914479172,-590.7132632262313,0.982606960698,-0.167480585137
304750000.0,11.333485424698521,-588.9861167270611,0.982509451132,-0.167961927907
305312500.0,11.359752176615293,-587.8363078839852,0.982434341224,-0.168281840036
305875000.0,11.183228202064768,-586.1042519459845,0.982381227452,-0.168778892646
306437500.0,11.717004508217272,-584.9674915523728,0.982162506917,-0.169067725621
307000000.0,11.960319914489686,-583.6657188307558,0.982014669043,-0.169421673999
307562500.0,11.7287532789984,-581.930413605894,0.981974556211,-0.169929788022
308125000.0,12.007904739507895,-580.6878078987783,0.981818172991,-0.170268053949
308687500.0,11.757789529072765,-579.2159151499628,0.981798744151,-0.170706515629
309250000.0,12.243573853839404,-577.9830932995814,0.981581402064,-0.171031924264
309812500.0,12.651332621050392,-576.8577673071755,0.98139198699,-0.171331979543
310375000.0,12.552402795024264,-575.3535903153089,0.981324550141,-0.171775769547
310937500.0,13.015340649053512,-574.0574403687762,0.981105574985,-0.172124519992
311500000.0,13.014190317587941,-572.6073187607643,0.981011238912,-0.172550079885
312062500.0,13.220154652848972,-571.3563073903275,0.980868165812,-0.172905210297
312625000.0,13.442705797315659,-569.6849084975117,0.980691023863,-0.173385295686
313187500.0,13.644168230389434,-568.2775056112455,0.980536350651,-0.173790535876
313750000.0,13.586909044004221,-567.0441155503275,0.980469790784,-0.174163053023
314312500.0,13.771926409249868,-565.4460323328963,0.980304910555,-0.174630292829
314875000.0,14.355420719635587,-563.7372004090778,0.98001019737,-0.175105612633
315437500.0,14.537113327146743,-562.5746756319704,0.979873367947,-0.175445304493
316000000.0,14.627413218242257,-560.7795281722679,0.979718394542,-0.175985832837
316562500.0,14.920141133516937,-558.9414090708675,0.979496536711,-0.176528184651
317125000.0,14.996946429182689,-557.3464782484799,0.979356854352,-0.177014231575
317687500.0,15.386190281615892,-555.5206371292711,0.979101733241,-0.177551535192
318250000.0,15.494461733820211,-553.6280346590984,0.978926696856,-0.178133709241
318812500.0,15.743615594706768,-551.6841849844284,0.978701531246,-0.178725010325
319375000.0,16.08887202094956,-549.6110424848126,0.978433342894,-0.179353536117
319937500.0,16.11674303417751,-547.4213214361391,0.978254041902,-0.180048208239
320500000.0,16.418660605578697,-545.0392652824752,0.977969076482,-0.18078832452
321062500.0,16.67103967113484,-542.6880511399798,0.977698663017,-0.181528129227
321625000.0,16.826898708641263,-540.5313330266878,0.97747205079,-0.18221797887
322187500.0,17.287869170930257,-537.8893553286244,0.9771014905,-0.183047325836
322750000.0,17.205412364148042,-535.3453738258576,0.976914181287,-0.183897186465
323312500.0,17.360094256284935,-532.7343916365198,0.97663892627,-0.184756977242
323875000.0,17.459634631383658,-530.2035368286688,0.976385185969,-0.185602219597
324437500.0,17.6192206580406,-527.3155257643947,0.976075342944,-0.186571850303
325000000.0,17.582746412112197,-524.6548940848826,0.975848657538,-0.187490457167
325562500.0,17.747131471130864,-521.9310668367011,0.975542703005,-0.188421603031
326125000.0,17.841270421294414,-519.2885200119736,0.975264155505,-0.189339615831
326687500.0,17.63325061317934,-516.7132627765917,0.975095174545,-0.1902711093
327250000.0,17.831749727301432,-514.0893310455043,0.974773325381,-0.191190177631
327812500.0,17.75261283745154,-511.5307079930119,0.974553399374,-0.192121264245
328375000.0,18.05841499811416,-509.0752891875777,0.974199735116,-0.192985353939
328937500.0,17.758683326414992,-507.23193582879856,0.974125609473,-0.193692034011
329500000.0,17.522904260764623,-505.3294542199356,0.974021379006,-0.194419397566
330062500.0,17.299265855761945,-503.9169458534511,0.973961587628,-0.19496791043
330625000.0,17.132026937536867,-503.2164636096918,0.973952931158,-0.19524680645
331187500.0,16.500296044240283,-502.2679019638981,0.974093687321,-0.195666938208
331750000.0,16.064781673628563,-502.4903693262329,0.974279961107,-0.195627254265
332312500.0,15.651649239694121,-502.59615746810954,0.974445964237,-0.195628903935
332875000.0,15.11834342124246,-503.00035909874777,0.974686723344,-0.195529962511
333437500.0,14.015988837431786,-504.26963990359417,0.975224660194,-0.195161426221
334000000.0,13.210887716462357,-505.0201816242864,0.97559811471,-0.194957624965
334562500.0,12.541044538195868,-506.05872544783733,0.975946382662,-0.19463286906
335125000.0,11.642378882849666,-507.22456921734613,0.976389154939,-0.194281936096
335687500.0,10.93837165535346,-507.81913713629416,0.976704959866,-0.194125094896
336250000.0,10.080227823889349,-508.71014050855604,0.977103191336,-0.193871414516
336812500.0,9.332252759148817,-509.0421508311673,0.977409649047,-0.193814330358
337375000.0,8.770926260274903,-509.13815299143454,0.977626049688,-0.193827670616
337937500.0,7.881909836503102,-508.9065357735622,0.977935978805,-0.193990222909
338500000.0,7.307216811972307,-508.6993385366137,0.978131952163,-0.194116240303
339062500.0,6.699664674772349,-507.9917097962058,0.978298476085,-0.19443138336
339625000.0,6.27068331486531,-507.6370831277586,0.978428929129,-0.194600009309
340187500.0,6.087052412990931,-507.0514726835758,0.978448526801,-0.194834739105
340750000.0,5.690629906856358,-506.7361046010221,0.978570877752,-0.194986301127
341312500.0,5.218915664725666,-506.2995326118222,0.97871187482,-0.195189776892
341875000.0,4.877261541169034,-506.2731600814086,0.97883834279,-0.195228019172
342437500.0,4.841270432216135,-506.19457303610756,0.978845408736,-0.195260598601
343000000.0,4.5183881855363,-506.3207601540878,0.978977455564,-0.195239643604
343562500.0,4.5438861047370445,-506.4096985011818,0.978975151173,-0.195204047894
344125000.0,4.329003702919154,-507.0136886691753,0.97910539632,-0.194994374331
344687500.0,4.370604823671016,-507.81902620095184,0.979155278849,-0.194688766672
345250000.0,4.376993050870003,-508.6064897024941,0.979216660479,-0.194393635341
345812500.0,4.553029941181463,-509.39470188502537,0.979214646516,-0.194085442238
346375000.0,4.704233796549652,-510.37602533092746,0.979237507827,-0.193708557744
346937500.0,4.820683598314582,-511.4204349330294,0.979278244055,-0.193312610175
347500000.0,4.797098401533128,-512.4289984878338,0.979367490366,-0.192942629381
348062500.0,4.92766030763243,-513.4483789720393,0.979400553,-0.192557859021
348625000.0,5.3755733811668245,-514.6182423828686,0.979329635583,-0.192094563653
349187500.0,5.800988778732283,-515.6029279475605,0.979253062954,-0.191702364438
349750000.0,5.609722863806088,-516.529633245483,0.979395816754,-0.191381482721
350312500.0,5.984557045494285,-517.2934258686369,0.979320641507,-0.191075838841
350875000.0,6.22651813527977,-518.2701602660743,0.979310639913,-0.190704996925
351437500.0,6.441281236656125,-518.660384996138,0.979264334618,-0.190547910227
352000000.0,6.719858682778485,-519.3897988370475,0.97922219394,-0.190264587402
352562500.0,6.984099516358009,-519.7245380222462,0.979154252162,-0.190124030331
353125000.0,7.1880436981466485,-519.8361179170167,0.979090299536,-0.190068007456
353687500.0,7.519310128986903,-519.7586586633141,0.978965907713,-0.190069240552
354250000.0,7.498073456527824,-519.4435045595145,0.978948272873,-0.190183466306
354812500.0,7.5578921341828265,-518.8797615802783,0.978881644317,-0.190380275501
355375000.0,7.5408271668531555,-518.2446165485707,0.978836603198,-0.190609294314
355937500.0,7.580947416366573,-517.2728423899343,0.978743535626,-0.19095538089
356500000.0,7.87155600738768,-516.1967614157244,0.978550854602,-0.191319884127
357062500.0,7.921767307743105,-515.1843502100802,0.9784493059,-0.191682347631
357625000.0,7.809366461583736,-513.9345574738501,0.978386650654,-0.192146148826
358187500.0,8.049104755784724,-512.6908494125532,0.978195193956,-0.192580481284
358750000.0,7.908923627676504,-511.2832084022928,0.978128094529,-0.19310906338
359312500.0,7.753688733263907,-509.77411867153364,0.978057537708,-0.193679392983
359875000.0,7.8355078089146035,-508.17758428273305,0.977890729855,-0.19426535563
360437500.0,7.849998522561257,-506.8460728364678,0.977770482835,-0.194761344233
361000000.0,7.845896142393436,-505.6685256725261,0.977669712615,-0.195203536514
361562500.0,7.770314453538959,-504.1235384610807,0.977563005232,-0.195792896436
362125000.0,7.663771233816501,-502.6722204640494,0.977475482814,-0.196352906279
362687500.0,7.660719896364821,-501.3517119732654,0.977359390096,-0.196856864706
363250000.0,7.536195854104324,-500.0050054047484,0.977286737609,-0.197384354596
363812500.0,7.4248117783745,-498.91591137738624,0.977231774051,-0.197813973577
364375000.0,7.348359540933179,-497.6621836851024,0.97714808609,-0.198306167236
364937500.0,7.281921331296058,-496.52776510913634,0.977070817845,-0.198753381636
365500000.0,7.173080948581423,-495.79571715641555,0.977046496526,-0.199049072174
366062500.0,7.039941255640223,-494.77231577234943,0.977004956435,-0.199462178703
366625000.0,6.955875373064677,-494.038777688474,0.976970616938,-0.199758289805
367187500.0,6.829883949792123,-493.00140969273707,0.976924688149,-0.200179209968
367750000.0,6.766742854391368,-492.2252776264058,0.976877861573,-0.200492408658
368312500.0,6.682204180677775,-491.4334426286737,0.976837907208,-0.200814826519
368875000.0,6.599889283870026,-490.66400449320815,0.976799017883,-0.20112913537
369437500.0,6.505451510804836,-489.9554371465099,0.976770549569,-0.201421194527
370000000.0,6.462016149305171,-489.3976363554788,0.976735690111,-0.201648808307
370562500.0,6.415783624799915,-488.6405386826204,0.97668309839,-0.201957371343
371125000.0,6.672078722972168,-488.0640573199157,0.976525354209,-0.202165354211
371687500.0,6.318819268976122,-487.44156661201856,0.976608977761,-0.202450205328
372250000.0,6.43648141493453,-487.0172659224031,0.976521083507,-0.202610748058
372812500.0,6.338004441788644,-486.1685433266345,0.976480146447,-0.202964465185
373375000.0,6.400497788948456,-485.22515229763144,0.976364327149,-0.203342583991
373937500.0,6.278363281132185,-484.50572552360745,0.976344987065,-0.203648232396
374500000.0,6.1908273549229405,-483.7649587212231,0.976309377225,-0.203960213585
375062500.0,6.337054223771272,-482.85338838295627,0.976160818279,-0.204320758848
375625000.0,6.09926655943812,-482.24778190872905,0.976199883563,-0.204593643818
376187500.0,6.099486247692045,-481.349032423709,0.976112025052,-0.204965399808
376750000.0,6.09430282497418,-480.6405240906763,0.976044648336,-0.205259931913
377312500.0,5.87167744545743,-479.8164913405745,0.976056244872,-0.205624908725
377875000.0,6.028104014318674,-479.0459360958871,0.97591475251,-0.205931293463
378437500.0,5.910821118049899,-478.1035813542169,0.975870247601,-0.206337893246
379000000.0,6.177452451972142,-477.5414878930954,0.975701980868,-0.206547497309
379562500.0,5.980122136386809,-476.6912217610231,0.975699728063,-0.206925706424
380125000.0,5.903374153617747,-475.8534065824053,0.975647773173,-0.20728784745
380687500.0,5.925450186173118,-475.4557223670072,0.97559820451,-0.207454267478
381250000.0,6.032715738861284,-474.42907435631764,0.975448219048,-0.207879960078
381812500.0,5.85763308593138,-473.9426394524777,0.975473251968,-0.208105339544
382375000.0,5.761737009803422,-473.16847456086657,0.975435117543,-0.208446303563
382937500.0,6.055054548017194,-472.3942630685282,0.975229596158,-0.208748287968
383500000.0,5.8474653199886415,-471.8445271789262,0.975262045512,-0.209006234605
384062500.0,6.015501329647414,-471.0091530848719,0.975102822817,-0.209349163371
384625000.0,5.906375384767363,-470.33671362708816,0.975079860769,-0.209651516636
385187500.0,5.824974485403044,-469.82638953412413,0.975061800097,-0.209881411141
385750000.0,5.921157004076321,-469.0142491198478,0.974934661328,-0.210224566622
386312500.0,5.874088906061549,-468.3125591397678,0.974881114505,-0.210535684415
386875000.0,6.058605048795859,-467.7280641570833,0.974738374913,-0.210771762678
387437500.0,5.865856284576373,-467.03955004781835,0.974749545691,-0.211094246169
388000000.0,5.887364617742264,-466.30410694977087,0.974661486525,-0.211415459974
388562500.0,5.766150014527751,-465.6405784582545,0.974643798726,-0.211721200507
389125000.0,5.814480935097709,-465.02824249561013,0.974556518345,-0.211986877935
389687500.0,5.92451643953737,-464.1451856685252,0.974412083558,-0.212366757622
390250000.0,5.775333219391867,-463.6524929375848,0.974424900627,-0.212602200596
390812500.0,5.82294088116397,-463.15115226115324,0.974349044458,-0.212820561374
391375000.0,5.678037646342811,-462.4503079556394,0.974337226839,-0.213149705934
391937500.0,5.740126869987654,-461.97391102243523,0.974257176294,-0.213356402578
392500000.0,5.662844858419915,-461.2652111281844,0.974213922447,-0.213683302334
393062500.0,5.7007204020637765,-460.81410337770336,0.974147064499,-0.213882283866
393625000.0,5.78596372049556,-460.1488824346603,0.974034812297,-0.214173087761
394187500.0,5.746092187293138,-459.6984184992646,0.974002693711,-0.214381315665
394750000.0,5.75144853551138,-459.0868350432368,0.973931957142,-0.214658015277
395312500.0,5.765476454709942,-458.5616944120474,0.973866705022,-0.214895106929
395875000.0,5.583208904113255,-457.70482502214765,0.973853432955,-0.21530620722
396437500.0,5.744984461714615,-457.37423546500486,0.973742191596,-0.215439023972
397000000.0,5.594062314192362,-456.789919719843,0.973745143725,-0.215723643693
397562500.0,5.817619757584602,-456.25871402198925,0.973582162766,-0.215941999963
398125000.0,5.699396002824952,-455.7116496787093,0.973574069103,-0.216207094288
398687500.0,5.66738766866935,-455.06945229158345,0.973515312271,-0.21650687851
399250000.0,5.626859807498733,-454.54888868930755,0.973474267072,-0.216752167313
399812500.0,5.472041983337592,-454.09287497163257,0.973493545388,-0.216981235046
400375000.0,5.533542824756443,-453.5892292642476,0.973406935213,-0.217207963817
400937500.0,5.681281416795717,-452.62209886292146,0.973225927171,-0.217641130567
401500000.0,5.457426089821958,-452.0527457382419,0.973264150922,-0.217933193758
402062500.0,5.570178735451504,-451.28654002085415,0.973121727891,-0.2182789888
402625000.0,5.685710892807494,-450.6385081215785,0.972991172213,-0.218569856879
403187500.0,5.588793662923919,-449.94159127513444,0.972954433977,-0.218909679658
403750000.0,5.592223881209088,-449.1982384295615,0.972864574979,-0.21926061358
404312500.0,5.682567776648272,-448.472419563897,0.972735104117,-0.219593928837
404875000.0,5.514548646409394,-447.8314638070951,0.972738193349,-0.219918833463
405437500.0,5.556353671091442,-447.1261283197154,0.972633454737,-0.220250189589
406000000.0,5.470955723732199,-446.6121846180185,0.972612273736,-0.220506246898
406562500.0,5.518448715529185,-445.8858474693336,0.972501528131,-0.220848739781
407125000.0,5.481162195197108,-445.3482217431108,0.972454058247,-0.22111173758
407687500.0,5.563443004113811,-444.6769643296641,0.972332393376,-0.221425215189
408250000.0,5.565907870093983,-444.1843739013981,0.972270747663,-0.221662905551
408812500.0,5.599941273568956,-443.47653198385376,0.972167017761,-0.2220015733
409375000.0,5.49961950862346,-442.8964245982668,0.97214398231,-0.222295769731
409937500.0,5.519577343015536,-442.2541539756341,0.972054536102,-0.222606116349
410500000.0,5.530490634177559,-441.6327426820259,0.971971725414,-0.222908237199
411062500.0,5.404413755750222,-440.8893937365952,0.971940469959,-0.223288152508
411625000.0,5.512200570001538,-440.37898928065823,0.9718234004,-0.223525321025
412187500.0,5.690601315813962,-439.77112464938466,0.971658739347,-0.223802002077
412750000.0,5.48240556070356,-439.08245663716457,0.971674108479,-0.224168399149
413312500.0,5.455193220067044,-438.5214610119023,0.971616220102,-0.22444961251
413875000.0,5.431247032949584,-437.97400413274346,0.971558237152,-0.224724382472
414437500.0,5.444659278333112,-437.2685242889955,0.971461155847,-0.225073765988
415000000.0,5.563599576508971,-436.4993386053257,0.971302607938,-0.225442425441
415562500.0,5.492984211390545,-435.936772127959,0.971265075423,-0.225733224577
416125000.0,5.370700754112414,-435.3033093936467,0.971244198473,-0.226067132951
416687500.0,5.368150238221794,-434.7276072763377,0.971170488697,-0.226357290496
417250000.0,5.3493113789672115,-434.0250640887233,0.97108810343,-0.22671443328
417812500.0,5.3302029203053385,-433.38258883343826,0.971013384182,-0.227042265195
418375000.0,5.2839696895862005,-432.91338607913553,0.970975020929,-0.227286536062
418937500.0,5.297318667479852,-432.32597357061957,0.970890562256,-0.227583657147
419500000.0,5.3151386978604345,-431.6614271234908,0.970793207797,-0.227920346958
420062500.0,5.264407066165753,-430.9808648102223,0.970728390279,-0.228275382686
420625000.0,5.253533265290517,-430.49624164619865,0.970669103439,-0.228525489456
421187500.0,5.395572296417128,-429.7798429768491,0.970499651531,-0.228874883085
421750000.0,5.308848854328292,-429.2786891017518,0.970476637754,-0.229145073625
422312500.0,5.192194512222471,-428.6743369585442,0.970455101361,-0.229473387433
422875000.0,5.356112277308893,-428.0326528773033,0.970282785942,-0.229783802476
423437500.0,5.215854155266303,-427.4835276707747,0.970280655715,-0.230088447048
424000000.0,5.147860269761993,-426.8648322884231,0.970231357582,-0.230420300825
424562500.0,5.247056007231706,-426.3189270017779,0.970104417392,-0.230691979277
425125000.0,5.227164525394461,-425.71821707443985,0.970031824163,-0.231009476875
425687500.0,5.376168894676262,-425.2639759673073,0.969890505379,-0.231227324903
426250000.0,5.133251066070091,-424.71500316435356,0.969941938271,-0.231550099722
426812500.0,5.164378325260389,-424.2075973278378,0.96985473933,-0.231813517851
427375000.0,5.200473548158431,-423.5855659161973,0.969748494667,-0.232137519529
427937500.0,5.058782666607082,-423.1076073413909,0.969756482345,-0.232410921071
428500000.0,5.07471196073894,-422.4547904018465,0.969656019047,-0.232755826714
429062500.0,5.092310599505015,-421.9715281366228,0.96957824895,-0.23301097085
429625000.0,4.945278484708819,-421.31546703927,0.969563737164,-0.23338253341
430187500.0,5.123642492950487,-420.835056326017,0.969399683719,-0.233614566152
430750000.0,5.02476239021533,-420.33749687779994,0.969381585108,-0.233895928215
431312500.0,5.062713723566785,-419.82513999098643,0.969287615707,-0.234166283558
431875000.0,4.927883724070289,-419.2332048578437,0.969275162368,-0.234505159782
432437500.0,5.076582018219064,-418.83360616129215,0.969136994767,-0.234699818054
433000000.0,5.0807912541294025,-418.18900453664116,0.969041114496,-0.235048647917
433562500.0,5.0544878260244435,-417.7093368906605,0.968985499054,-0.235313180373
434125000.0,4.907030107984848,-417.07070556685204,0.968972550193,-0.235682759703
434687500.0,4.929310038685751,-416.6389733022607,0.968897127384,-0.235915377498
435250000.0,4.935211647019413,-416.0369793552159,0.968805359201,-0.236244181846
435812500.0,4.892073276802793,-415.5008859815126,0.96874990953,-0.236544905342
436375000.0,4.789744006369109,-415.138214368274,0.968752579296,-0.236759610214
436937500.0,4.701580490529322,-414.6350173925919,0.9687266677,-0.23705016502
437500000.0,4.647354168040786,-413.98478654389857,0.968660069592,-0.237417796301
438062500.0,4.675206787496198,-413.5607595783804,0.968581418178,-0.237648713679
438625000.0,4.746641110122673,-413.10082130365544,0.968472902955,-0.23789349298
439187500.0,4.580151896298186,-412.39828066624614,0.968460138181,-0.238309794581
439750000.0,4.56636965755501,-411.92091365280464,0.968395963037,-0.238578521214
440312500.0,4.743355907561318,-411.5585823733697,0.968242132024,-0.238754510145
440875000.0,4.70996160698877,-411.0722143763881,0.968186989748,-0.239032238118
441437500.0,4.792470752030995,-410.5642763632084,0.968063186464,-0.239305046091
442000000.0,4.630650836167267,-410.0015319131466,0.968068266172,-0.239646784099
442562500.0,4.657793805435436,-409.60610476748036,0.967992322503,-0.239865885346
443125000.0,4.5621835554256895,-409.0868657004407,0.967966609947,-0.240174389671
443687500.0,4.596698953514594,-408.51910899624306,0.967859463702,-0.24049115611
444250000.0,4.541326416807615,-408.02648079738213,0.96781470032,-0.240779889757
444812500.0,4.631801580508726,-407.6071180755635,0.967697993163,-0.241004827481
445375000.0,4.448324313512474,-407.0954050675081,0.967723096619,-0.241325683056
445937500.0,4.551440172441102,-406.5997975653201,0.967586641919,-0.241593343686
446500000.0,4.431857799744005,-406.2324032141544,0.96759769161,-0.241822861446
447062500.0,4.309266658998159,-405.55860392390423,0.967562474038,-0.242229706884
447625000.0,4.318661701468066,-405.2134901038913,0.967502750494,-0.242427252046
448187500.0,4.395658457792909,-404.6824983374924,0.967374378622,-0.242721907288
448750000.0,4.319002325836169,-403.99882261243044,0.96731032088,-0.243130236392
449312500.0,4.326267539790585,-403.72413491103424,0.967262391436,-0.243288620682
449875000.0,4.241757269251883,-403.1380701570061,0.967218090806,-0.243643205417
450437500.0,4.234485435430829,-402.69622893199994,0.967151644247,-0.243902175565
451000000.0,4.313493517973711,-402.0320399726676,0.966998671165,-0.244277999701
451562500.0,4.149066392937806,-401.6703000531182,0.967036776724,-0.244516640193
452125000.0,4.256981141313563,-401.0775441256061,0.966877498698,-0.244847597453
452687500.0,4.125537115434884,-400.54988038514574,0.966869309019,-0.245179909831
453250000.0,4.187321127531181,-400.0071528142799,0.966744408996,-0.245490531657
453812500.0,4.118639673410971,-399.45700104154713,0.96669514017,-0.245827676159
454375000.0,4.189267331386096,-399.048395157759,0.96658615673,-0.246058697406
454937500.0,4.115114258299878,-398.37673567968807,0.96651965131,-0.246470735641
455500000.0,4.215246035662842,-398.01481277349933,0.96640003856,-0.24667014059
456062500.0,4.010000190386559,-397.49804069949823,0.966437108318,-0.247013213049
456625000.0,4.092562927639092,-396.950650544524,0.966296591732,-0.24732771223
457187500.0,3.9969175396689196,-396.5667372939757,0.966290028125,-0.247574383314
457750000.0,4.067949888072506,-395.9564831456829,0.966145085878,-0.24793010944
458312500.0,3.990049863040947,-395.5981077162702,0.96613192051,-0.248159581112
458875000.0,3.964889183894762,-395.162866404162,0.96607387938,-0.248427139811
459437500.0,3.8719929523359187,-394.6393047928109,0.966041863785,-0.248760339715
460000000.0,3.983480775105805,-394.17084460793336,0.965894731154,-0.249026228646
460562500.0,3.927810969229644,-393.64922765542764,0.96583991867,-0.249353522617
461125000.0,3.846500244423686,-393.2308465936911,0.965818244599,-0.249622919844
461687500.0,3.81612870698918,-392.8367825654824,0.965769504357,-0.249869288206
462250000.0,3.9087392704102872,-392.14168613648485,0.965593370085,-0.250279899915
462812500.0,3.8592852791227976,-391.6787928395136,0.965543972005,-0.25057323693
463375000.0,3.8056789650044136,-391.2885645894542,0.965509576319,-0.250823121905
463937500.0,3.78636422905964,-390.8150946296683,0.96543946043,-0.251119047292
464500000.0,3.7709242005032815,-390.4998681059328,0.965394246875,-0.251316900945
465062500.0,3.6701212124645184,-389.96168335856606,0.965363075419,-0.251668397813
465625000.0,3.704130690101636,-389.46406922838463,0.965254976197,-0.251972021181
466187500.0,3.7511423945290536,-388.93525543888376,0.965132845244,-0.252293535306
466750000.0,3.7083831924023394,-388.4939975208096,0.965081839161,-0.25257688063
467312500.0,3.7164748588217935,-387.9415801882072,0.964979118048,-0.252921590997
467875000.0,3.629629095710343,-387.53976924748673,0.964962430134,-0.253189365092
468437500.0,3.779357883349178,-387.1653220818052,0.964801598682,-0.253398346864
469000000.0,3.666656190557611,-386.75552650117544,0.96479950495,-0.253676807212
469562500.0,3.604008947818731,-386.2182018143094,0.964742993188,-0.254027600539
470125000.0,3.6116576331938144,-385.7221010974983,0.964649109613,-0.254340572885
470687500.0,3.636650714922229,-385.34852368355206,0.964565952411,-0.254573276753
471250000.0,3.5664823172516944,-384.92917952047463,0.964534865857,-0.254852743669
471812500.0,3.680063981647274,-384.52714626278566,0.9643896038,-0.255088444618
472375000.0,3.579929562706502,-384.1046891884378,0.964376757201,-0.255376494797
472937500.0,3.508927504828538,-383.6675522318269,0.964342594529,-0.25566928948
473500000.0,3.465908671672586,-383.2869487686371,0.964300724268,-0.255921330218
474062500.0,3.4934412059125695,-382.7657243331229,0.964187567726,-0.256251444485
474625000.0,3.5031132830249647,-382.29031976451154,0.964093911798,-0.256556097355
475187500.0,3.6139641784767145,-381.78284239766344,0.963928528697,-0.256863469332
475750000.0,3.5108995433054018,-381.43082838965375,0.963929992612,-0.257110474977
476312500.0,3.4896726692715947,-380.92753143102084,0.963850251588,-0.257440992574
476875000.0,3.452211229771983,-380.50122477402806,0.963795164501,-0.257725245283
477437500.0,3.5970056951299028,-380.10070854053356,0.963625856003,-0.257959147652
478000000.0,3.4332762266169805,-379.6621464515883,0.963650451807,-0.258276273964
478562500.0,3.49982405406869,-379.22993346179385,0.963525559676,-0.258546636773
479125000.0,3.5001883633161404,-378.79485394097225,0.963443123744,-0.258831922383
479687500.0,3.425135855640944,-378.29457933876097,0.963397672359,-0.259175047775
480250000.0,3.5012538014866132,-377.9473739696277,0.963281516969,-0.259389327383
480812500.0,3.4366122982655045,-377.53753957884715,0.96324603598,-0.259672171365
481375000.0,3.4869165868303145,-376.9993004979481,0.96310975488,-0.260018664244
481937500.0,3.4030490466673378,-376.655637798874,0.963099399534,-0.260262652635
482500000.0,3.482696192363992,-376.204076683981,0.962959532536,-0.260547351841
483062500.0,3.468483560377247,-375.84743906139335,0.962900070638,-0.260787524006
483625000.0,3.4904690628144266,-375.44129025459233,0.962806675844,-0.261054162632
484187500.0,3.504454130004905,-374.9422994036101,0.962700228239,-0.261385008383
484750000.0,3.5197187402921477,-374.45622330012196,0.962595026087,-0.261707751718
485312500.0,3.4094526864136605,-374.0337411889227,0.962586320469,-0.262013142295
485875000.0,3.473768490775045,-373.6988789238765,0.962477259551,-0.262225880758
486437500.0,3.531892614277598,-373.2572196654756,0.962350962217,-0.262512204962
487000000.0,3.5200678827832936,-372.7746555300612,0.962263395718,-0.26284065433
487562500.0,3.531059502742434,-372.3829037246415,0.962178111215,-0.26310379247
488125000.0,3.67062799669787,-371.89489486550815,0.961985965127,-0.26340711913
488687500.0,3.5597688723117358,-371.5090527687541,0.96198405018,-0.263691756053
489250000.0,3.4938042601516357,-371.01552134917995,0.96192993965,-0.264041480764
489812500.0,3.5350920203393548,-370.6579518688595,0.961829715876,-0.264277482334
490375000.0,3.5692850329248866,-370.0850608289372,0.961690423291,-0.26466289438
490937500.0,3.5372319066466327,-369.6389570701622,0.961621834181,-0.264975694155
491500000.0,3.62936814294173,-369.1830567406224,0.961465469898,-0.265270617681
492062500.0,3.5099115230205933,-368.73266848699086,0.961455713746,-0.265605700343
492625000.0,3.6044659188731685,-368.2911503913124,0.961299714564,-0.265891514809
493187500.0,3.612962393488222,-367.86962049203214,0.961206925845,-0.266181774519
493750000.0,3.558424929351353,-367.38204771295364,0.961143954331,-0.266531617439
494312500.0,3.5794899891264422,-366.942657757107,0.961038106799,-0.26683308567
494875000.0,3.630795868533481,-366.41908545992834,0.960893170908,-0.267187691681
495437500.0,3.7548170257897295,-365.9430847539221,0.960706669528,-0.267494586695
496000000.0,3.617703068410909,-365.4277311509419,0.960694373563,-0.26788476694
496562500.0,3.622449086391466,-365.0328576505331,0.960607747675,-0.268161314533
497125000.0,3.5411856031966016,-364.58660853164395,0.960570613124,-0.268492867232
497687500.0,3.663797752095244,-364.0993138123465,0.960380549893,-0.2688109154
498250000.0,3.589605493797005,-363.5704921379139,0.960320264202,-0.269201106055
498812500.0,3.7614774756735496,-363.127489985195,0.960103353446,-0.269478626746
499375000.0,3.6521055505141926,-362.73968835139823,0.96009768538,-0.269777914981
499937500.0,3.7492249403238977,-362.29550296870656,0.95993259583,-0.270073482223
500500000.0,3.6664640127168306,-361.69587683766963,0.959861735367,-0.270519869126
501062500.0,3.778267364921366,-361.28801827142297,0.959692841998,-0.27078769827
501625000.0,3.627733284161069,-360.9787538266824,0.959733374954,-0.271042522959
502187500.0,3.60305613079538,-360.2701319790381,0.959596048433,-0.271557967292
502750000.0,3.5780457562392836,-360.0696147665666,0.959570065792,-0.271708133991
503312500.0,3.610727522706826,-359.5681704106978,0.959436019406,-0.272063390309
503875000.0,3.5198727824985974,-359.09150989318516,0.959396532505,-0.272428907089
504437500.0,3.576412104718896,-358.63189185105784,0.959253535478,-0.272750284756
505000000.0,3.5995261992191963,-358.2716322242678,0.959156499947,-0.273007402628
505562500.0,3.592527463696107,-357.81174803289207,0.959058860337,-0.273344465032
506125000.0,3.654203991054875,-357.4333944732653,0.958928911705,-0.273607236936
506687500.0,3.6033070438305215,-356.9612796031583,0.958859938643,-0.27396460694
507250000.0,3.517161659754313,-356.5127397882182,0.958821999292,-0.274313535997
507812500.0,3.669232734680371,-356.2060506495999,0.958640617089,-0.274504808311
508375000.0,3.548798217375611,-355.8176064741727,0.958641158902,-0.274818564299
508937500.0,3.526596179322929,-355.47919107689887,0.958580540407,-0.27507364641
509500000.0,3.577906980573344,-355.0226856081215,0.958438289756,-0.275399895607
510062500.0,3.545249770288508,-354.67276062589946,0.958382319556,-0.275666985909
510625000.0,3.633720964430812,-354.23487975651005,0.958215822919,-0.275972143604
511187500.0,3.562548073231279,-353.76156444959383,0.95815955182,-0.276341267133
511750000.0,3.6009562676804467,-353.4524466688736,0.95805927578,-0.276563192578
512312500.0,3.6429512697977975,-353.03317920087613,0.957930393927,-0.276867070661
512875000.0,3.551488328641889,-352.62672802249983,0.957904198422,-0.277193132016
513437500.0,3.541234285022554,-352.2367334875044,0.95782075051,-0.277488579778
514000000.0,3.650620086305867,-351.8737885784565,0.957653235554,-0.277736145746
514562500.0,3.502806161175976,-351.5683350942627,0.95769286515,-0.27800128683
515125000.0,3.5191369496853833,-351.09157765828513,0.95756813664,-0.278357811787
515687500.0,3.5288711003116306,-350.8048311839698,0.957492941273,-0.278572688987
516250000.0,3.5307177293738636,-350.4901973813926,0.957416928451,-0.278810929227
516812500.0,3.530292396416619,-350.06599676374503,0.957316347014,-0.279133456201
517375000.0,3.4632491047197247,-349.705298603941,0.95728138581,-0.279424202259
517937500.0,3.515797997550285,-349.37136514777933,0.957161415615,-0.279666477332
518500000.0,3.4872578425305107,-348.98032334560787,0.95708940997,-0.279972318411
519062500.0,3.5109362418124634,-348.587279135744,0.956976654508,-0.280267773238
519625000.0,3.5513568584629263,-348.28327620927047,0.956872196844,-0.280491353722
520187500.0,3.471872316792816,-347.9706950518731,0.956857637086,-0.280750932386
520750000.0,3.460248806622922,-347.58083541764256,0.95677200565,-0.281054105153
521312500.0,3.519765652233176,-347.25890147888026,0.956647697523,-0.281288095179
521875000.0,3.4359482973132223,-346.83980982445564,0.956610201961,-0.281632679492
522437500.0,3.3777938176783775,-346.4925980890214,0.956570338759,-0.281916038136
523000000.0,3.453812366663896,-346.138019647826,0.956424294114,-0.282172737029
523562500.0,3.248281426997804,-345.8710216922787,0.956518577848,-0.282430972443
524125000.0,3.410897643604749,-345.466647667081,0.956292202263,-0.282706096083
524687500.0,3.3416244399337094,-345.1402055260707,0.956265559604,-0.282978141467
525250000.0,3.304079529330389,-344.78539753817444,0.956207011099,-0.283265056276
525812500.0,3.2050912763339854,-344.5043811658296,0.956214864775,-0.283509915181
526375000.0,3.286186937900852,-344.2541440552493,0.956088965364,-0.283686195464
526937500.0,3.313135153040329,-343.9120974365472,0.955982418896,-0.283948385292
527500000.0,3.2878061109652656,-343.54147323004406,0.955909598874,-0.284246668489
528062500.0,3.1477403276731533,-343.250304502489,0.95594716698,-0.284511594568
528625000.0,3.1431423031853396,-343.0137990059849,0.955891459937,-0.284699723048
529187500.0,3.19467286744333,-342.6062882338827,0.955748082876,-0.285009461584
529750000.0,3.0465004883980913,-342.31128797062115,0.955791248513,-0.285280923751
530312500.0,3.073509382557348,-342.0444708999005,0.955702387053,-0.285486182445
530875000.0,3.0864918983110594,-341.7021508236099,0.955605333619,-0.285755423744
531437500.0,3.0977993751005353,-341.26638182420635,0.955485533351,-0.286100199084
532000000.0,3.134994093625764,-340.984554793178,0.955383910263,-0.286315972272
532562500.0,3.128990302336099,-340.674305943266,0.955309351512,-0.286565876166
533125000.0,3.1724854571475984,-340.34646827447716,0.955190353132,-0.286817607359
533687500.0,3.2415681575344086,-340.0712976111008,0.95506401776,-0.287020805709
534250000.0,3.2885519738378557,-339.66463644386636,0.954921098177,-0.287335801628
534812500.0,3.1486488406330815,-339.31151071017365,0.954942383482,-0.287656756347
535375000.0,3.235169624693246,-339.0133680279302,0.954795057586,-0.287875100001
535937500.0,3.2254690006771543,-338.67567361191385,0.954714894893,-0.288150837647
536500000.0,3.1602940467303937,-338.33952301505553,0.954679920883,-0.288440352455
537062500.0,3.2487572848927173,-338.07942444226984,0.95453996792,-0.288628359879
537625000.0,3.232193304834958,-337.73697605255074,0.954463452058,-0.288911184135
538187500.0,3.139279559445359,-337.36739803335655,0.954441845343,-0.289236817346
538750000.0,3.244240954200587,-337.0129427442759,0.954262504514,-0.289498501082
539312500.0,3.1870570510336833,-336.6850100145231,0.954222356265,-0.289781899844
539875000.0,3.156276631652823,-336.44704241780227,0.954184392581,-0.289985051427
540437500.0,3.167024412438107,-336.00476869600254,0.954057814732,-0.290345256387
541000000.0,3.1268055140536513,-335.67519679072575,0.954002883352,-0.2906271332
541562500.0,3.1147873970438096,-335.4262690989541,0.953946168798,-0.290835481696
542125000.0,3.1310998690470906,-334.8955338502651,0.953790176275,-0.2912694001
542687500.0,3.0906594713722413,-334.66742975299854,0.953762201488,-0.291469070822
543250000.0,3.0967824358805,-334.2497961237699,0.953644346818,-0.291813682759
543812500.0,3.1098869699872655,-333.9191582006259,0.953543868758,-0.292084828694
544375000.0,3.0498719042035662,-333.5327135091572,0.953488835053,-0.292422856011
544937500.0,2.9986792889573897,-333.19112291978564,0.953438529822,-0.292721794987
545500000.0,3.033857074106175,-332.7923227915667,0.953300187926,-0.293045608814
546062500.0,3.0012962402139993,-332.372996252738,0.953212523295,-0.293405915
546625000.0,3.0183248339307256,-332.08876357126036,0.953120080144,-0.293639881495
547187500.0,2.8655484891349983,-331.6440161903334,0.953126115081,-0.294056221741
547750000.0,2.8987235569924334,-331.2180371315756,0.952980443382,-0.294406446935
548312500.0,2.9217197922741844,-330.78868834371775,0.952841881656,-0.29476313644
548875000.0,2.8487621081305106,-330.34280905979483,0.952779607908,-0.295161444589
549437500.0,2.801436923898988,-330.0177170608736,0.952729108614,-0.29545089239
550000000.0,2.781290318018631,-329.614963974369,0.952633585635,-0.29579949392
550562500.0,2.7109058043671483,-329.2730322943498,0.952597752218,-0.296111053805
551125000.0,2.714190567432544,-328.9176995141301,0.952495032633,-0.296414009466
551687500.0,2.8097627742947227,-328.58066659173363,0.952318017469,-0.296675780791
552250000.0,2.564262139342078,-328.3520395680779,0.952464114079,-0.296941390587
552812500.0,2.6985080273579287,-328.0732742754419,0.952269824305,-0.297143042719
553375000.0,2.6594178345834796,-327.6596072301791,0.952185975335,-0.297510401483
553937500.0,2.694717693359365,-327.40934876049323,0.952084217903,-0.297716274011
554500000.0,2.6574487639863476,-327.00620492546085,0.952001245532,-0.298075408288
555062500.0,2.658596874014449,-326.7489799580524,0.951926562824,-0.298297856244
555625000.0,2.5385722308774215,-326.4732077167486,0.951951579974,-0.298571528413
556187500.0,2.543454000460268,-326.05589119760083,0.951827373083,-0.298932932742
556750000.0,2.4930142346004738,-325.7605340749587,0.951786175817,-0.299204786478
557312500.0,2.5164411394515254,-325.4037106618091,0.951662594176,-0.299509465562
557875000.0,2.4681969365341874,-325.1287101616847,0.951625089579,-0.299763916957
558437500.0,2.5171624086650373,-324.77216293711376,0.95147858135,-0.300062024698
559000000.0,2.4312142753885606,-324.4557835498946,0.951461832057,-0.30036476419
559562500.0,2.481155310282295,-324.1474591980087,0.951327852471,-0.300621296577
560125000.0,2.4568975213527815,-323.83785085780534,0.951258510153,-0.300901121978
560687500.0,2.4733421159460254,-323.5663412124234,0.95116425151,-0.301135849597
561250000.0,2.4349516537217473,-323.212408141825,0.951093954502,-0.301460004054
561812500.0,2.3703247411071784,-322.9206305938885,0.951065093862,-0.301737497834
562375000.0,2.4287394298500993,-322.613674711111,0.950922450296,-0.301992548896
562937500.0,2.4648789916851235,-322.2761030089297,0.9507900862,-0.302281822691
563500000.0,2.3615149882383104,-321.9086649515378,0.950772743488,-0.302639838182
564062500.0,2.4593991722289252,-321.6271960319905,0.950601361135,-0.302861755122
564625000.0,2.4166674790411866,-321.42190211650865,0.950578076786,-0.30305796476
565187500.0,2.3677103063922376,-321.03192432991204,0.950504921452,-0.303421711932
565750000.0,2.4037041072978313,-320.6776184516329,0.950366012925,-0.303728697057
566312500.0,2.410646330950189,-320.41711508809243,0.950281134768,-0.30396067361
566875000.0,2.335675734387527,-320.0630663189396,0.9502415102,-0.304302076878
567437500.0,2.276801151344373,-319.71213386431134,0.950188239649,-0.304636547046
568000000.0,2.345535563954448,-319.40118901846336,0.950031550828,-0.304896719596
568562500.0,2.3206660202801053,-319.1381555977997,0.949973841017,-0.305142447982
569125000.0,2.264919583540421,-318.72998660582874,0.949899629922,-0.305529797255
569687500.0,2.3313460914981667,-318.46395429239743,0.949757660048,-0.30575124565
570250000.0,2.372370840415839,-318.17433598604714,0.949631186383,-0.306002259776
570812500.0,2.3978795637034294,-317.82414347647034,0.949499779328,-0.30631371945
571375000.0,2.3817585432104935,-317.5316054777477,0.949423893969,-0.306585967968
571937500.0,2.3102549020919896,-317.27779064116146,0.949410574361,-0.306840431701
572500000.0,2.3831492808821317,-316.90657742738114,0.949228231474,-0.30715807687
573062500.0,2.3914951819337467,-316.49071503328196,0.949090600372,-0.30753755422
573625000.0,2.3420447690580675,-316.27559970801343,0.949068723388,-0.307751065619
574187500.0,2.3644628741507816,-315.9213731343867,0.948936806515,-0.308070651678
574750000.0,2.422115871754546,-315.5681889414335,0.948772188879,-0.308378769343
575312500.0,2.4353342703480876,-315.2209189324067,0.948650045614,-0.308696035487
575875000.0,2.3556225738104537,-314.9878245796467,0.948650036095,-0.308937467029
576437500.0,2.349832446640967,-314.66599607716137,0.948553159435,-0.309238264476
577000000.0,2.361389761677754,-314.3223368038119,0.948432871162,-0.309554435289
577562500.0,2.3878942774212972,-313.9831224870225,0.948299664694,-0.309862286639
578125000.0,2.3218960374647626,-313.58279401488755,0.948232917415,-0.310257609613
578687500.0,2.2261890657103285,-313.3681227131297,0.948253580531,-0.31048940419
579250000.0,2.295608551415473,-313.1192664992811,0.948108370754,-0.310700445736
579812500.0,2.271566194560757,-312.6696385718143,0.947985706652,-0.311130725281
580375000.0,2.2737469014798415,-312.44938669141385,0.947912291568,-0.311337402012
580937500.0,2.318125727210797,-311.97573747920126,0.947716406047,-0.311769822692
581500000.0,2.15641372702261,-311.773403127014,0.947803366883,-0.312013821039
582062500.0,2.2092150831269475,-311.2910889654142,0.947595812101,-0.312453590644
582625000.0,2.120113349252843,-311.03381150500627,0.947596139721,-0.312727109608
583187500.0,2.083708620980621,-310.76586857138693,0.947542868877,-0.312993954306
583750000.0,2.1187379556278,-310.3768670462212,0.947381471499,-0.313353213553
584312500.0,2.129908019776734,-310.04135078395257,0.947259977738,-0.313669990292
584875000.0,2.0986285803977838,-309.7409552868169,0.947190409893,-0.313967820915
585437500.0,2.0922407921758936,-309.37354971084835,0.947074497348,-0.314322255612
586000000.0,2.056981843386525,-309.08759721865664,0.94701313692,-0.314608753977
586562500.0,2.077181468130054,-308.74450903163495,0.94687910161,-0.314932283783
587125000.0,2.041074982280537,-308.4424482350278,0.946812748991,-0.315235723353
587687500.0,2.055119578629226,-308.1912828835833,0.94671484719,-0.315473669758
588250000.0,2.0873462241262333,-307.8845223352089,0.946580352122,-0.315759660695
588812500.0,2.0399965624382017,-307.5048797155219,0.946498014765,-0.316143785953
589375000.0,2.060122182012831,-307.2203535840864,0.946382063347,-0.316413422915
589937500.0,2.026682243477439,-306.9340530836842,0.946317363348,-0.316703440183
590500000.0,2.0426032008602037,-306.65491429608113,0.946206787618,-0.316970172861
591062500.0,2.0405053644999476,-306.3729760227662,0.94611256456,-0.317246226768
591625000.0,2.0567931997870317,-306.0411555744909,0.945982982509,-0.317565286632
592187500.0,2.0751119000279084,-305.7840470425469,0.945876700457,-0.317810965156
592750000.0,2.038215252128263,-305.5882492425372,0.94584551066,-0.318015817911
593312500.0,2.1117897355973483,-305.20770916273887,0.945641794566,-0.318364489857
593875000.0,2.0107547139141144,-304.89651633548493,0.945633549304,-0.318706035202
594437500.0,2.1372780571956302,-304.64008790522945,0.945419638895,-0.318915114569
595000000.0,2.0736518414409164,-304.38863703648343,0.945394915166,-0.319185744808
595562500.0,2.1131223500535925,-304.0385964501263,0.945233579092,-0.319518481998
596125000.0,2.1397760743975356,-303.89765173887844,0.9451577855,-0.319648864217
596687500.0,2.1608027218149823,-303.6013927848167,0.945032881287,-0.319935524912
597250000.0,2.1419784361852545,-303.3280008246555,0.944955330067,-0.320213965553
597812500.0,2.1733198744513733,-303.0125868752543,0.944812728338,-0.320517038002
598375000.0,2.1927800924773595,-302.7567764120517,0.944702691868,-0.32076533813
598937500.0,2.1372630386444293,-302.5109027434437,0.944670877615,-0.321030713643
599500000.0,2.2040191441513888,-302.16696830629127,0.944481608588,-0.321351196579
600062500.0,2.18671284172522,-302.0233464232483,0.944447680302,-0.321501328272
600625000.0,2.175018734695052,-301.71935495524576,0.944350684143,-0.321810630667
601187500.0,2.168502688684499,-301.4525848569803,0.944261569916,-0.322081197633
601750000.0,2.194252773190931,-301.24364811400255,0.944160533181,-0.32228231653
602312500.0,2.2472652392699874,-301.0420114929522,0.944034420504,-0.322466459224
602875000.0,2.143332451603936,-300.72577529535255,0.944025143293,-0.322823290895
603437500.0,2.1699815613638007,-300.50779980136326,0.943919312881,-0.323034116423
604000000.0,2.183016618172028,-300.2424118439697,0.943809821902,-0.323298185644
604562500.0,2.1574047366408844,-300.0681071274984,0.943772429774,-0.323484280924
605125000.0,2.2192463222830425,-299.7290110826992,0.943585994247,-0.32380617007
605687500.0,2.17580875644558,-299.4839354074692,0.943540582849,-0.324071420112
606250000.0,2.169620672860682,-299.24867938622936,0.943460706952,-0.324313432987
606812500.0,2.2163162997473864,-298.9556557575602,0.943305392406,-0.324595352416
607375000.0,2.084194537206259,-298.62506527242044,0.943318784864,-0.324982112522
607937500.0,2.1569387177876327,-298.3834091930005,0.943155062181,-0.325202873458
608500000.0,2.1254639467535927,-298.0079952989587,0.943048356544,-0.32559988555
609062500.0,2.113537356717509,-297.716172090868,0.942952254778,-0.32590449997
609625000.0,2.1145536418847737,-297.4213583630808,0.942841425733,-0.326207932575
610187500.0,2.10439794703996,-297.1827273284531,0.942762825022,-0.326458042598
610750000.0,2.0931675289312337,-296.85035671639423,0.942650038911,-0.326805936642
611312500.0,2.1603330115010846,-296.5663425352614,0.942473792558,-0.327074923721
611875000.0,2.0983273917070777,-296.284928567332,0.942432147877,-0.32739029846
612437500.0,2.0883788312881753,-296.00073761777213,0.94233522772,-0.327689506036
613000000.0,2.113875530659009,-295.67204787392075,0.942184226453,-0.328022201189
613562500.0,2.0619046006162063,-295.3917462418886,0.942132044687,-0.328334441517
614125000.0,2.1241713006257177,-295.0832334265979,0.941949476199,-0.32863325858
614687500.0,2.032213914147918,-294.85913449069375,0.941960241906,-0.328903030455
615250000.0,2.0393844617816117,-294.53133483635116,0.941827360573,-0.329244193001
615812500.0,2.0532444623959893,-294.21310994158637,0.941690687812,-0.329573386915
616375000.0,2.1237766735239787,-294.02341326883186,0.941543420804,-0.329745924799
616937500.0,2.0654353563362564,-293.6967027069295,0.941478839544,-0.330112900178
617500000.0,2.093995541930025,-293.4629276869105,0.941358224679,-0.330348764602
618062500.0,2.122923560717525,-293.12784447931284,0.941197548613,-0.330692038122
618625000.0,2.0731663190092737,-292.9026129945091,0.941162627746,-0.330950109109
619187500.0,2.087690537384688,-292.6130939853718,0.941034283056,-0.331251792814
619750000.0,2.0399093013290313,-292.34264432537066,0.940979348714,-0.331558096438
620312500.0,2.024678107484907,-292.0618982661292,0.940885561497,-0.331863180171
620875000.0,2.0686518909421694,-291.8007191374119,0.940735988424,-0.332124619494
621437500.0,2.1313850345738046,-291.5860951126155,0.940584332681,-0.332329218005
622000000.0,2.127865876947222,-291.36294719791135,0.940499879644,-0.332569349117
622562500.0,2.1246662099604534,-291.1025377485613,0.940400119033,-0.332849644142
623125000.0,2.1307192421533436,-290.836460432164,0.940287910611,-0.333132804906
623687500.0,2.1981982719731206,-290.6019018603158,0.940121907846,-0.333358009199
624250000.0,2.1817023994367304,-290.370107300374,0.940047031521,-0.333614065654
624812500.0,2.2533277435837546,-290.1114718338408,0.939866181217,-0.333864108325
625375000.0,2.1663073784934688,-289.8873297211409,0.939870078312,-0.334141006148
625937500.0,2.138611435805446,-289.5008840435673,0.939744486895,-0.334570174234
626500000.0,2.1292428243490886,-289.2578624001597,0.939656546101,-0.334837368413
627062500.0,2.04149451398377,-288.9433633983506,0.939624644208,-0.335214400198
627625000.0,2.1226270217218444,-288.6795340927792,0.939429370184,-0.335468532461
628187500.0,2.0776142407329976,-288.40799071030517,0.939367961168,-0.335782749405
628750000.0,2.0030779434648576,-288.1236925025317,0.939333491193,-0.336123537682
629312500.0,2.004300109936325,-287.93413718533117,0.939254774532,-0.336330342804
629875000.0,1.9870833575653402,-287.5825982306863,0.939129762282,-0.336722508502
630437500.0,1.976441930255541,-287.34647319221466,0.939044542555,-0.336986047297
631000000.0,1.9636737560852897,-287.0473300530517,0.938935515508,-0.337320207897
631562500.0,1.9622783817423444,-286.7400984327378,0.938810290421,-0.337659238474
632125000.0,1.9647830600335412,-286.5280236447448,0.938719796965,-0.337892211421
632687500.0,1.9602455448442875,-286.27118582926465,0.938618315958,-0.33817791457
633250000.0,1.9337538153330358,-285.96070923664485,0.938518575711,-0.338532657529
633812500.0,2.0321038626992842,-285.82363976812076,0.938352408696,-0.338643599266
634375000.0,1.9634129208628852,-285.5627750834252,0.93831964593,-0.338961821141
634937500.0,1.9141480488672424,-285.3448228773932,0.93828321936,-0.339224748978
635500000.0,1.9549349302973555,-285.0407932111405,0.938110256779,-0.339546214869
636062500.0,1.9387066911236484,-284.8491063492543,0.938047725845,-0.339766833901
636625000.0,1.9780128559972865,-284.5860267507941,0.937892889,-0.340044087515
637187500.0,2.0259828227675682,-284.41272567156165,0.937765954231,-0.340217591795
637750000.0,2.001259501485432,-284.10303611214766,0.93766232197,-0.340574896883
638312500.0,1.989152728850706,-283.8529961104184,0.937569611675,-0.340860580414
638875000.0,2.0498219278253367,-283.6774368383405,0.937426634619,-0.341031943015
639437500.0,2.0407848285208305,-283.4082344487045,0.937321759117,-0.341338618269
640000000.0,2.044388079794943,-283.2250073429501,0.93723922391,-0.341543477112
640562500.0,2.0690928125556782,-283.0426925868434,0.937133114982,-0.341738475723
641125000.0,2.0948269305992233,-282.82627611015283,0.937010947815,-0.341971748729
641687500.0,2.093802222506256,-282.55524802947514,0.936895185334,-0.342278655024
642250000.0,2.1393921905530062,-282.33109120156814,0.936746577454,-0.342512773152
642812500.0,2.152440902923696,-282.11594054573663,0.936638444331,-0.34275106903
643375000.0,2.1137670609085486,-281.81344358694787,0.936550822783,-0.343111468096
643937500.0,2.1655787197024012,-281.6652891333227,0.936427307841,-0.343257396111
644500000.0,2.159147897211853,-281.43112450345956,0.936332316333,-0.343526850635
645062500.0,2.1918659809178207,-281.20231990880217,0.936194776606,-0.343773431041
645625000.0,2.16314831190174,-280.93939442641425,0.936112105236,-0.344086333878
646187500.0,2.1589808099961836,-280.7910591492289,0.936051607488,-0.34425781688
646750000.0,2.1722297606575043,-280.5578241686615,0.935933610761,-0.344519044896
647312500.0,2.27522076334722,-280.3096410108703,0.935705733498,-0.344758042129
647875000.0,2.218569711644748,-280.10450888257583,0.935679784252,-0.345018688616
648437500.0,2.2644812498620515,-279.8993760968412,0.935535826534,-0.345234115067
649000000.0,2.227582305903242,-279.66766184036703,0.935475078388,-0.34551731405
649562500.0,2.2641812430636876,-279.47295951726795,0.935345957541,-0.345725431089
650125000.0,2.1694602586894605,-279.2627135474964,0.935361290371,-0.346010508096
650687500.0,2.1643768141206183,-278.93145164540414,0.935218746531,-0.346395953965
651250000.0,2.158657700491135,-278.637138327041,0.935093094003,-0.346739646724
651812500.0,2.1442250640118035,-278.44023698295723,0.93502114158,-0.346974736227
652375000.0,2.2332572326304443,-278.13191183046365,0.934778275659,-0.347292967066
652937500.0,2.2131369695409266,-277.8561531135762,0.934676627827,-0.347623260234
653500000.0,2.1977427281799,-277.55045885357646,0.93455555695,-0.347986986574
654062500.0,2.2480463145612055,-277.2793996178649,0.934373065568,-0.348280907357
654625000.0,2.2169127450691954,-276.95838375321904,0.934262577208,-0.348671137596
655187500.0,2.2628022519057134,-276.7020928938692,0.934091044188,-0.348950787708
655750000.0,2.229466126399723,-276.44130180626223,0.934010136475,-0.349272644961
656312500.0,2.2242099188623663,-276.14477813843155,0.9338794333,-0.349624230795
656875000.0,2.265933078581567,-275.88269932050935,0.933708840755,-0.349914042979
657437500.0,2.278997890837966,-275.71743689815327,0.933616667259,-0.350103159864
658000000.0,2.2876533137465653,-275.3752052030193,0.933447057852,-0.35050397062
658562500.0,2.2102743943610776,-275.171980203802,0.933443915243,-0.35078094972
659125000.0,2.275890413730881,-274.89252241476584,0.9332352746,-0.351081992641
659687500.0,2.2465626014982822,-274.6470221798045,0.933154936916,-0.35138766283
660250000.0,2.2587847826324325,-274.39711436507156,0.933022816322,-0.351679550261
660812500.0,2.3025205459218623,-274.17885266586984,0.932867679177,-0.3519192289
661375000.0,2.2124333807767584,-274.02650409205853,0.932903273835,-0.352143735055
661937500.0,2.2341180734530504,-273.7374269517705,0.932740501391,-0.352479237065
662500000.0,2.2361479710133865,-273.55802430370613,0.932652924596,-0.352693175239
663062500.0,2.2410811731002602,-273.2443601396533,0.932497746773,-0.353067156667
663625000.0,2.266315229249198,-273.062649986665,0.932380710589,-0.353273466396
664187500.0,2.220038827682115,-272.8623745320538,0.932340642376,-0.353536561731
664750000.0,2.2807400766852144,-272.6038994888479,0.932143615132,-0.353818922477
665312500.0,2.244857136283362,-272.4171108079993,0.932097160485,-0.35406155496
665875000.0,2.205769050732742,-272.22259039759365,0.932050794956,-0.354315412815
666437500.0,2.2853513068322058,-271.99899924102857,0.931846649679,-0.354547547619
667000000.0,2.205040700425996,-271.8083056603628,0.931851761587,-0.354817407826
667562500.0,2.259539374995841,-271.60667503881007,0.931687988719,-0.355035625479
668125000.0,2.1795146276582544,-271.3980015266361,0.93168394394,-0.355327971507
668687500.0,2.215613197684944,-271.23335924010235,0.931560005395,-0.355510708508
669250000.0,2.2290877690287823,-271.04277756370703,0.93145075166,-0.355736227907
669812500.0,2.1963836444917115,-270.80261106788043,0.931373387282,-0.356045086176
670375000.0,2.139016869614601,-270.61627756449093,0.931352354963,-0.356300737506
670937500.0,2.2230776831662684,-270.4794893024518,0.931182563744,-0.35642681051
671500000.0,2.1969558937358773,-270.3261577554836,0.931139265381,-0.356627268603
672062500.0,2.1379303099840894,-270.09937310147865,0.93110013465,-0.356934199865
672625000.0,2.0661222658580742,-269.8255193812194,0.931053491766,-0.357305798553
673187500.0,2.0881596361302774,-269.63656313253364,0.930933180397,-0.35752731512
673750000.0,2.0912980599941666,-269.4352575491616,0.93082978931,-0.357773644084
674312500.0,2.075005986274718,-269.26932494228083,0.930767686802,-0.35798629085
674875000.0,2.0528093580510873,-269.0659408778721,0.930694183772,-0.358248380475
675437500.0,2.065846184574722,-268.9337976029518,0.930612399687,-0.358405216206
676000000.0,2.082094736606995,-268.69125363947853,0.930471487052,-0.358697233707
676562500.0,2.1362528975522834,-268.5695162015597,0.930343615873,-0.35882098052
677125000.0,2.0827420995137795,-268.42954369231813,0.930339963029,-0.359021264702
677687500.0,2.1019195284247885,-268.3013841159187,0.930252007732,-0.359170699164
678250000.0,2.1077345377243133,-268.0320372912763,0.930109632149,-0.359502439481
678812500.0,2.1072238635889464,-267.8370674576611,0.930012190931,-0.359745312625
679375000.0,2.1654903753481247,-267.5994066174024,0.92981970593,-0.360012048468
679937500.0,2.1946113501557356,-267.4506641714292,0.929708141916,-0.360182854975
680500000.0,2.245757386403632,-267.2813940224406,0.92955846294,-0.36036825121
681062500.0,2.1533518067625996,-267.10326419193666,0.929583518052,-0.360637840707
681625000.0,2.1504767680179153,-266.9050933077846,0.929486362503,-0.360887381324
682187500.0,2.1256230860211085,-266.68730529826826,0.929406570606,-0.361173072709
682750000.0,2.124166547810272,-266.4468695449603,0.929285637956,-0.361475715515
683312500.0,2.1219945277276016,-266.2741197517943,0.929199973865,-0.361694037389
683875000.0,2.1194913750879705,-266.0813632294667,0.929104303149,-0.361937984572
684437500.0,2.0761910153522924,-265.8022134959259,0.929015483209,-0.362312245176
685000000.0,2.1069831729963675,-265.53165528108747,0.928837176643,-0.36263819415
685562500.0,2.0927651646602357,-265.3269145065555,0.928749390802,-0.362904603652
686125000.0,2.0678068445398794,-265.0793723146541,0.928652862512,-0.363231247251
686687500.0,1.9957162768981682,-264.72504065626885,0.928560534013,-0.363718723234
687250000.0,2.038346845679547,-264.5278524369979,0.928403663475,-0.363947478952
687812500.0,1.9784849726948106,-264.28021721919276,0.928350796659,-0.364294323555
688375000.0,1.8783858586893327,-264.0254116157534,0.928345547729,-0.364672029436
688937500.0,1.8664022755083454,-263.81792469534224,0.928252334826,-0.364943765087
689500000.0,1.8637769536180098,-263.5621551704826,0.92812157596,-0.36527290265
690062500.0,1.8130456066932614,-263.27093495609256,0.92803361533,-0.365673493145
690625000.0,1.8178021829823008,-263.07255221792985,0.927922967376,-0.365926151436
691187500.0,1.77365826771074,-262.7914897579319,0.927831410997,-0.366311588796
691750000.0,1.7407226191050689,-262.62547182219106,0.927786083953,-0.366543272184
692312500.0,1.6605076550494982,-262.31977415674777,0.927727802804,-0.366981032646
692875000.0,1.7083479358363989,-262.17514911251254,0.927589042076,-0.367142916936
693437500.0,1.703674128602501,-261.9075282656386,0.927452605854,-0.367492426856
694000000.0,1.7312907527729477,-261.6857337447244,0.92729830494,-0.367765739834
694562500.0,1.7117183460567116,-261.4478528965375,0.927196414226,-0.368085644658
695125000.0,1.7098093668271486,-261.22538711332635,0.927079525959,-0.368376509082
695687500.0,1.7477874235360529,-261.0348964604958,0.926927502725,-0.368604586012
696250000.0,1.775908430808199,-260.83359883074263,0.926782191028,-0.368852332899
696812500.0,1.7316764690927762,-260.60750755725246,0.926717822831,-0.369171982118
697375000.0,1.7189061362150886,-260.49238362013705,0.926672225148,-0.369329676201
697937500.0,1.788919157388428,-260.29727462804556,0.926474589814,-0.369547466885
698500000.0,1.785333247693206,-260.0290089606507,0.926333305854,-0.369901597052
699062500.0,1.7994338957286515,-259.8610074296646,0.926223113797,-0.37011477794
699625000.0,1.816757888716037,-259.70761407733136,0.926116461267,-0.370307181417
700187500.0,1.8005013738228721,-259.4944948824383,0.92602114431,-0.370596910843
700750000.0,1.8496667215984781,-259.3524258237236,0.925878293994,-0.370757335087
701312500.0,1.8448289713363115,-259.1586112193136,0.925778048293,-0.371015939449
701875000.0,1.841858481394028,-258.9774164330446,0.925682085982,-0.371257164208
702437500.0,1.8684230770782184,-258.7567559060749,0.92552497508,-0.371534639017
703000000.0,1.913165549148423,-258.5034489986649,0.925325223097,-0.371845699996
703562500.0,1.9085785046517725,-258.3717474172393,0.925258121809,-0.372023088086
704125000.0,1.8621123454073478,-258.2179777367018,0.925234321169,-0.372253298579
704687500.0,1.888214750139981,-257.975461495804,0.925064380451,-0.372561498381
705250000.0,1.8946260807605086,-257.824136396886,0.924971267906,-0.372759561404
705812500.0,1.97179428953194,-257.6280219224258,0.924758451438,-0.372977912104
706375000.0,1.9143420787252412,-257.4112659302276,0.924713441904,-0.373299698138
706937500.0,2.013505929794985,-257.2571394284587,0.924494059389,-0.373449971199
707500000.0,1.9353470869457796,-257.1009157697771,0.924510559285,-0.373703179576
708062500.0,1.999005029835136,-256.9071616273855,0.924315749813,-0.373926883491
708625000.0,1.9722147604076186,-256.6331819471953,0.924196433485,-0.374309822419
709187500.0,2.0170156034726214,-256.5737074820722,0.924102458414,-0.374364299981
709750000.0,2.019185199123272,-256.3239912671264,0.923957435872,-0.374698939802
710312500.0,2.038522984131961,-256.1509249677953,0.923832655764,-0.374921011581
710875000.0,2.0036685709909845,-255.95834104344863,0.923769584006,-0.375200660858
711437500.0,2.058616792873805,-255.80921124195842,0.923609979157,-0.375370537722
712000000.0,2.0630409605933218,-255.59989451670575,0.923483814035,-0.37565091667
712562500.0,2.0783645916514377,-255.3806331112078,0.923336856998,-0.375938878835
713125000.0,2.145495216666856,-255.23252887641397,0.923160409045,-0.376100812463
713687500.0,2.104876277379238,-254.97877326285683,0.923068693215,-0.376468607758
714250000.0,2.1075548497263052,-254.8046294709255,0.922964081384,-0.37670369979
714812500.0,2.1057275899421546,-254.64022826541347,0.922871063754,-0.376928426873
715375000.0,2.092678949295553,-254.42722297737131,0.92276485558,-0.377226199677
715937500.0,2.164783718793013,-254.2224383975307,0.92254696531,-0.377463452093
716500000.0,2.0831927838550497,-254.07347545896926,0.92257128326,-0.377714616001
717062500.0,2.1139060521778728,-253.8990008443826,0.922427105952,-0.377935215059
717625000.0,2.20583784250873,-253.68836542217258,0.922177520411,-0.378169539192
718187500.0,2.1756689391293955,-253.51796640105238,0.922118497244,-0.378420834853
718750000.0,2.1022055183199115,-253.32603084930767,0.922106137941,-0.378727593326
719312500.0,2.0574966731254545,-253.05857891414405,0.922009637109,-0.379121772338
719875000.0,2.117298962116394,-252.8921869029042,0.921828746969,-0.379315496498
720437500.0,2.1340279059287495,-252.73138936458167,0.921710230822,-0.37952720962
721000000.0,2.0665425470827543,-252.55165274460992,0.921696513514,-0.379815404678
721562500.0,2.1711043070255385,-252.27362134964727,0.921386205971,-0.380137372424
722125000.0,2.10140064683591,-252.06988683227212,0.921360867771,-0.380461118424
722687500.0,2.160111750168294,-251.95318402038626,0.921209580804,-0.38058770046
723250000.0,2.132266568182769,-251.77582043447916,0.921141758114,-0.380850476219
723812500.0,2.1772638565234317,-251.5689849944496,0.920954822801,-0.381110727679
724375000.0,2.1050112453082868,-251.4069426236607,0.920957663052,-0.381379675294
724937500.0,2.157380940758937,-251.13854862150694,0.920722575609,-0.381721952692
725500000.0,2.1194509738882084,-250.95953520252604,0.920667075471,-0.381994696683
726062500.0,2.1681823474302364,-250.83100679617664,0.920521023984,-0.382144645954
726625000.0,2.058190974702482,-250.5819037068923,0.920523478704,-0.382559932135
727187500.0,2.1656707568283067,-250.3857895384395,0.920253415366,-0.382769190291
727750000.0,2.178749039679244,-250.24792054740334,0.92015083534,-0.382954512735
728312500.0,2.1433994984156888,-250.03614842271946,0.920070831274,-0.383273466769
728875000.0,2.2039444622013957,-249.81200776369667,0.919848135008,-0.383551444741
729437500.0,2.1522472604544722,-249.62063430654328,0.919803179668,-0.383852704576
730000000.0,2.196671634544606,-249.47952011400875,0.919653575777,-0.38402424389
730562500.0,2.170406332445856,-249.27056093987062,0.919561569635,-0.38433537455
731125000.0,2.174729388876798,-249.06768655977646,0.919429871714,-0.384619444951
731687500.0,2.120758095991085,-248.81086515748856,0.919346951833,-0.385016554346
732250000.0,2.1519253087170607,-248.65641135474954,0.919206724637,-0.385216188941
732812500.0,2.1456219147355373,-248.400123977804,0.919055921984,-0.385584029419
733375000.0,2.1295162024250454,-248.26114633145755,0.918992014462,-0.385791712963
733937500.0,2.048979480586116,-247.9018006807978,0.918881840624,-0.386354122173
734500000.0,2.0319594511856427,-247.7143134163592,0.918788515196,-0.386632512247
735062500.0,2.0309294419060433,-247.54738737018448,0.918685062408,-0.386871819723
735625000.0,1.9585526528393031,-247.30231121302103,0.918634389591,-0.387268360646
736187500.0,1.8883436940774043,-247.03845239304982,0.918568706416,-0.387691325473
736750000.0,1.9645629156561761,-246.80213470072206,0.918309624091,-0.387982848842
737312500.0,1.897016599804153,-246.5083557860753,0.918220474894,-0.388448847191
737875000.0,1.866912955395711,-246.3081898087326,0.918136629978,-0.388756865077
738437500.0,1.8709696939058007,-246.10730379508587,0.918002751114,-0.38904462286
739000000.0,1.8125870808994586,-245.7924711494881,0.917886160533,-0.389537845054
739562500.0,1.7815829057328874,-245.5600973314355,0.917782337779,-0.38989493956
740125000.0,1.6910893542319498,-245.39882721834388,0.91781047709,-0.390187414963
740687500.0,1.7550853060640847,-245.22105538805872,0.91760312918,-0.390405068481
741250000.0,1.7436042004872323,-244.9315586133851,0.917433320495,-0.390834496614
741812500.0,1.7390148018287033,-244.75262696597423,0.917324424986,-0.391098753003
742375000.0,1.671420416037449,-244.50134260141056,0.917260650813,-0.391510080414
742937500.0,1.7015167632520167,-244.41977399114884,0.917163686838,-0.391610037942
743500000.0,1.7451679500367718,-244.13432676697417,0.916914114951,-0.39200020821
744062500.0,1.7060199280940376,-244.02075338325625,0.916897591424,-0.392192483136
744625000.0,1.695345620967237,-243.71245254276906,0.916711984499,-0.392652883569
745187500.0,1.6511634575376737,-243.63256837346614,0.916724808732,-0.392799452564
745750000.0,1.7329259601652642,-243.3892833403495,0.91644475862,-0.393104583616
746312500.0,1.6839467985192889,-243.21014215623035,0.916399324864,-0.393401304344
746875000.0,1.6441894613186587,-243.06633982134227,0.91636347445,-0.393640104586
747437500.0,1.6137530498573456,-243.11675988822552,0.916441684308,-0.393585542077
748000000.0,1.633433239553222,-242.91541888301646,0.916279944904,-0.393870617865
748562500.0,1.6457209478986223,-242.78237918675254,0.916173919729,-0.394059659398
749125000.0,1.65228634674246,-242.68347923910673,0.91609880357,-0.394201993795
749687500.0,1.6385054784678865,-242.41896501165692,0.915944046792,-0.394603929586
750250000.0,1.5913272709865522,-242.224921720508,0.915885412174,-0.394923924804
750812500.0,1.6573755498396305,-242.11203546834903,0.915711962195,-0.395048106517
751375000.0,1.7332296994149563,-241.99403101338453,0.915520258026,-0.395173342512
751937500.0,1.5469015130510202,-241.7756693309905,0.915652520922,-0.395623550822
752500000.0,1.6213253793615985,-241.64614118554778,0.915454735367,-0.39576738497
753062500.0,1.658641373797146,-241.44831221519522,0.915266338911,-0.396038279631
753625000.0,1.5870950590363175,-241.3080299959659,0.915279319073,-0.396296410779
754187500.0,1.6986958537429817,-241.1621092830636,0.915013865315,-0.396440087356
754750000.0,1.5907169730398065,-241.05336434724518,0.915102620214,-0.396675995652
755312500.0,1.6399621770857544,-240.90409063868128,0.914927982656,-0.396867002086
755875000.0,1.6238412983451547,-240.70555011082746,0.914818022659,-0.397176463427
756437500.0,1.6615574595830291,-240.52788356093342,0.914640852941,-0.397418428601
757000000.0,1.6587059920177663,-240.46141571189358,0.914600037136,-0.397520525876
757562500.0,1.5985561190558693,-240.22381179484995,0.914529320029,-0.397919904812
758125000.0,1.620129152695546,-240.09473514557422,0.914408842971,-0.398100247229
758687500.0,1.6602282335845484,-239.9536392585373,0.914251941483,-0.398286252385
759250000.0,1.6771313070558915,-239.7455249184163,0.914084007736,-0.398589746436
759812500.0,1.6731192995292292,-239.6010522243679,0.91399105777,-0.39881147758
760375000.0,1.607426521677544,-239.52906753745435,0.914041347578,-0.398965754527
760937500.0,1.625299234455193,-239.32517141547973,0.913874162201,-0.39926317523
761500000.0,1.6705106213921,-239.18421567598028,0.913708361154,-0.399446371026
762062500.0,1.6683173429854878,-239.0395981341598,0.913611919668,-0.399667979684
762625000.0,1.667483539909679,-238.96974828687462,0.913564936581,-0.399774944186
763187500.0,1.635195971773002,-238.7704250958265,0.913476288601,-0.40010118995
763750000.0,1.6661551388301215,-238.61796550099714,0.913323345682,-0.400312484144
764312500.0,1.686025457773838,-238.3895428889875,0.913134218555,-0.400647829814
764875000.0,1.670071974016014,-238.24245298924205,0.913056178744,-0.400884079641
765437500.0,1.6854286405357215,-238.1187220134033,0.912946325554,-0.401062934968
766000000.0,1.670953800550211,-237.94436984668152,0.912846668002,-0.401340465716
766562500.0,1.6214473295221385,-237.79867027441367,0.91282072596,-0.401598880207
767125000.0,1.7208137806058181,-237.67499795587926,0.912581260874,-0.401719291023
767687500.0,1.6981470738972344,-237.42335142395,0.912439163975,-0.402122480576
768250000.0,1.6482499551346312,-237.33601906146825,0.912454550683,-0.402292206336
768812500.0,1.7309442560036479,-237.13770835731415,0.912187052024,-0.402539747662
769375000.0,1.6325935267065748,-236.9350505616387,0.912195653263,-0.402922377372
769937500.0,1.6112064423099497,-236.7495820492578,0.912097395786,-0.403224536748
770500000.0,1.6317656444009094,-236.538859517731,0.91191594357,-0.403536504894
771062500.0,1.672685494015499,-236.41375296885445,0.911763428381,-0.403701469086
771625000.0,1.6742823829862106,-236.2082992616809,0.911614396805,-0.404019408633
772187500.0,1.7028650626800816,-236.03362642889599,0.911445041087,-0.404270596323
772750000.0,1.623884647049909,-235.84522488784012,0.911433076153,-0.404620578539
773312500.0,1.6106959057263015,-235.652574447237,0.911315428081,-0.40493055402
773875000.0,1.6604676932650182,-235.4791052482395,0.911112926194,-0.405165681663
774437500.0,1.6389756244099722,-235.3280952603523,0.911037680551,-0.405417282832
775000000.0,1.6039982189141995,-235.06191412906423,0.910900201308,-0.40585942857
775562500.0,1.6144316694213698,-234.8994120291987,0.910766181989,-0.406106794281
776125000.0,1.5357918280618914,-234.6430067710322,0.910703752762,-0.406566760732
776687500.0,1.5219327810915657,-234.3739747349916,0.910529940613,-0.407000520097
777250000.0,1.5731610644248053,-234.2549450362304,0.910362373361,-0.407150868167
777812500.0,1.5157176754109503,-234.0552247559832,0.910307174691,-0.407508141864
778375000.0,1.5676192440222927,-233.8385845633242,0.91006646955,-0.407812688922
778937500.0,1.5424054107978677,-233.64638069987168,0.909965273934,-0.408135548098
779500000.0,1.4822718473337295,-233.4360832464156,0.909905980331,-0.408513344901
780062500.0,1.5023142339406426,-233.17508004667934,0.909681675461,-0.408913324912
780625000.0,1.4716469386751807,-233.00398144691593,0.909604006015,-0.409208326488
781187500.0,1.4060072122875893,-232.72128070083755,0.909499289652,-0.409707782391
781750000.0,1.3910385647561339,-232.50104880952347,0.909359693274,-0.410070840496
782312500.0,1.4024260104130122,-232.22732294548925,0.90913762421,-0.410500591585
782875000.0,1.2974085348867526,-231.9908095714926,0.909129575596,-0.410958446551
783437500.0,1.3480568101144628,-231.73246163529438,0.908854818602,-0.411335862809
784000000.0,1.3229096651888281,-231.46521344848483,0.908694645522,-0.411785175492
784562500.0,1.2966654311636534,-231.23306377395818,0.908562220295,-0.412179578695
785125000.0,1.2760451234833579,-231.01927046505668,0.908434221191,-0.412540775504
785687500.0,1.257862475471964,-230.74700378708908,0.908257665831,-0.412995542685
786250000.0,1.2124225192569684,-230.49442678606772,0.908139799984,-0.41344000353
786812500.0,1.2043835894263466,-230.30927716799633,0.908012087282,-0.413747187275
787375000.0,1.2385453339428127,-230.02645020077364,0.907740727664,-0.414181799566
787937500.0,1.222215686577146,-229.83062886703937,0.907617556458,-0.41451379662
788500000.0,1.1899920574628364,-229.61053596074137,0.907501473472,-0.41489821346
789062500.0,1.1906086524760828,-229.37867400693972,0.9073222447,-0.415277356145
789625000.0,1.183660419704782,-229.180554925872,0.907180962166,-0.415607606491
790187500.0,1.1559876789644143,-229.00906765950052,0.907093992615,-0.415910611769
790750000.0,1.149982113715022,-228.7341053611021,0.906891030062,-0.416367632202
791312500.0,1.1888406312131132,-228.58688827770143,0.906712721641,-0.416580028245
791875000.0,1.0920195500045458,-228.3937673637225,0.906722314712,-0.416973964653
792437500.0,1.1808913684130546,-228.19043066964562,0.906416972132,-0.417240709601
793000000.0,1.120642312940794,-228.0503273397422,0.906407199081,-0.417519575665
793562500.0,1.1513575649662429,-227.8550101060125,0.906203444968,-0.417819115897
794125000.0,1.1318204112528698,-227.65897494203077,0.90608204387,-0.418159679222
794687500.0,1.1860558172836795,-227.50725265277703,0.905872622666,-0.418369039668
795250000.0,1.1517691544067867,-227.284918216903,0.905754347262,-0.418765877094
795812500.0,1.2342898010683967,-227.12795329867345,0.905492818094,-0.418962044398
796375000.0,1.173170410134818,-226.9513773809456,0.905454811597,-0.419304892795
796937500.0,1.223726984520382,-226.78178178630023,0.905235741657,-0.419547905274
797500000.0,1.2112717003835534,-226.64889909985487,0.905150818162,-0.419779902555
798062500.0,1.257095106674237,-226.47701016593697,0.904937080822,-0.420030937537
798625000.0,1.2655041777602476,-226.30128509845696,0.904782502083,-0.420318545347
799187500.0,1.2654914740256,-226.1009238041328,0.904621948151,-0.420654616071
799750000.0,1.2999737864852914,-225.96178471672565,0.904452268912,-0.420860562856
800312500.0,1.2873936182392753,-225.8486928265845,0.904382404108,-0.421060762108
800875000.0,1.2175233949459268,-225.7103375257596,0.904388535333,-0.421349853153
801437500.0,1.1891512664593087,-225.51391707396584,0.904277934243,-0.421703768576
802000000.0,1.205052963779166,-225.39534765117915,0.904155295066,-0.421890991977
802562500.0,1.1921482499098444,-225.23743915634302,0.904049276358,-0.42216816479
803125000.0,1.2060653535044474,-225.04466362410034,0.903869356529,-0.422482926086
803687500.0,1.2632178847307862,-224.91490121603985,0.903667059982,-0.42265613791
804250000.0,1.226154662904076,-224.73880492449018,0.903586364663,-0.422984807793
804812500.0,1.2133456472337727,-224.5448191487714,0.903449711806,-0.423324559786
805375000.0,1.2342256436132801,-224.45347887763015,0.903339510338,-0.423462693192
805937500.0,1.211844592072502,-224.32900711715928,0.903275614293,-0.423692713717
806500000.0,1.1932604252551178,-224.17864419409415,0.903183917221,-0.423963974814
807062500.0,1.1810627040998074,-223.9814386672223,0.903042638684,-0.424310245422
807625000.0,1.139931634458236,-223.83484532166338,0.902992182904,-0.424594422415
808187500.0,1.163926157059714,-223.76180390400015,0.902890966278,-0.424699474671
808750000.0,1.1599169466106465,-223.5568150766354,0.902728529492,-0.425053468466
809312500.0,1.1758780262744128,-223.36049553883473,0.902538624697,-0.425376601695
809875000.0,1.1118648381913343,-223.30244334184613,0.902600290777,-0.425529240992
810437500.0,1.216819143295052,-223.0793500373715,0.90223476691,-0.42582505159
811000000.0,1.1742302056339835,-222.95620780917614,0.902205389512,-0.42607217365
811562500.0,1.1580792454630495,-222.7813246707956,0.902087303843,-0.426386613291
812125000.0,1.1835514698610254,-222.65532778840634,0.901938110046,-0.426582400483
812687500.0,1.1621082078695117,-222.51312869527337,0.901856036786,-0.426845591049
813250000.0,1.1155274433829252,-222.38348025641812,0.901827795274,-0.427108505837
813812500.0,1.1006812887288435,-222.21233825885847,0.901709806508,-0.427416879246
814375000.0,1.146177253765709,-222.09544757041945,0.901532742543,-0.427580921785
814937500.0,1.162982682310358,-221.91763887060145,0.901353717051,-0.427874784614
815500000.0,1.1498502547758667,-221.7505636464606,0.901235323619,-0.428175694489
816062500.0,1.11874659670776,-221.57701419902276,0.901142445555,-0.428503498291
816625000.0,1.1544695186650555,-221.45685577602512,0.900978416567,-0.428682160667
817187500.0,1.1397154063326718,-221.2777161628481,0.900851862036,-0.429006562828
817750000.0,1.1213681201903818,-221.1349710829918,0.900762319103,-0.429271017237
818312500.0,1.1222387075137568,-220.98937408013165,0.90063663634,-0.429524373284
818875000.0,1.1047203297562216,-220.84145521786206,0.900540883942,-0.429797791343
819437500.0,1.1176819252794215,-220.66373385137675,0.900366079493,-0.43009761181
820000000.0,1.1276936104268769,-220.5542108183253,0.900254607752,-0.430280826623
820562500.0,1.154875048396433,-220.39967562800848,0.900074157267,-0.430528337805
821125000.0,1.1214985339216266,-220.23828006475074,0.899993757783,-0.43084031989
821687500.0,1.117947601437233,-220.06450786241868,0.899850091562,-0.431148771557
822250000.0,1.1075155596404815,-219.92060132092854,0.899744068105,-0.431411008477
822812500.0,1.0890392931933686,-219.79653446375193,0.899669224688,-0.431645554873
823375000.0,1.079904793994654,-219.6080615523719,0.899521907069,-0.431985911212
823937500.0,1.1519791571822606,-219.43762170229917,0.899246427166,-0.432224222112
824500000.0,1.0846500760731077,-219.26185417531912,0.899212301986,-0.432593695204
825062500.0,1.107473354491259,-219.10042210520388,0.899030948382,-0.432859626529
825625000.0,1.1024586478893081,-218.95736838737582,0.898914684355,-0.433117608856
826187500.0,1.1266111637923346,-218.79561834014078,0.89873001399,-0.433383490593
826750000.0,1.1177086540744434,-218.58843079642827,0.898563742598,-0.433759511433
827312500.0,1.0619405838551401,-218.43939862549257,0.898531791476,-0.434073875692
827875000.0,1.0803977825792712,-218.2834894989127,0.898361400842,-0.434335460472
828437500.0,1.0992107766808275,-218.125341259231,0.898188044091,-0.434600990688
829000000.0,1.0623656339551768,-217.92732214107903,0.898078465455,-0.434987427945
829562500.0,1.0473542419886839,-217.75936194434178,0.897956256426,-0.43530131622
830125000.0,1.077066432390713,-217.60037340355484,0.897761600653,-0.435559741935
830687500.0,1.0768751497012654,-217.44429216148498,0.897622795827,-0.435839871363
831250000.0,1.0353379325418317,-217.27711285690003,0.897548099567,-0.4361772457
831812500.0,1.0840336568772695,-217.1251697800009,0.897324547247,-0.436406906725
832375000.0,1.0648443455987306,-216.94468386898396,0.897197187663,-0.436749076769
832937500.0,1.1021688990743974,-216.79592695860163,0.896996157941,-0.436983672133
833500000.0,1.0852443745509186,-216.6109903108694,0.896860043759,-0.437332704101
834062500.0,1.0538916404517227,-216.43926337064295,0.896761663149,-0.437671426441
834625000.0,1.055127015971131,-216.25382694601657,0.896591647818,-0.438005998703
835187500.0,1.114237466024575,-216.0997941628954,0.896344786324,-0.438231527061
835750000.0,1.0546988740158052,-215.94719453116323,0.896314106145,-0.438562529684
836312500.0,1.0648866533093178,-215.78979483412851,0.896152291083,-0.438839235135
836875000.0,1.0421453610965499,-215.60349986380743,0.896023693513,-0.439198929099
837437500.0,1.0851196537961163,-215.36986653494048,0.895731607156,-0.439585343106
838000000.0,1.0541825172885257,-215.24330479828632,0.895671972324,-0.439844658221
838562500.0,1.0593307281654056,-215.0531230032354,0.895487802213,-0.440187409539
839125000.0,1.1047386061850462,-214.92551071651542,0.895287194511,-0.440378990522
839687500.0,1.0910445263349144,-214.78655196160358,0.895184006049,-0.440646029845
840250000.0,1.0648927873995175,-214.62282354429803,0.89508057405,-0.440970346022
840812500.0,1.0863438221786021,-214.4716643941461,0.894901170402,-0.441227913828
841375000.0,1.1289682289544642,-214.31096042089828,0.894673609067,-0.441483581234
841937500.0,1.1419526223829715,-214.19114921722894,0.894538209825,-0.441691818122
842500000.0,1.169460951856633,-214.05238757596914,0.894358161422,-0.441921555453
843062500.0,1.144864578042359,-213.91231339158472,0.894272597191,-0.442202624063
843625000.0,1.1449907900619156,-213.8213411944807,0.894187249614,-0.442370285995
844187500.0,1.1531406943290294,-213.65181653079534,0.894013315101,-0.442675609931
844750000.0,1.1731722379742742,-213.4917178064983,0.893825881336,-0.442952703318
845312500.0,1.147691910793971,-213.37625979537165,0.893764367664,-0.44319031882
845875000.0,1.1585700296930694,-213.26296820261783,0.893637451661,-0.443389890515
846437500.0,1.2047289200997995,-213.06420858416843,0.893364094686,-0.443714775013
847000000.0,1.1669680555494066,-212.89402287000274,0.893273018227,-0.444066501532
847562500.0,1.2253968162323379,-212.79111551852478,0.89306677991,-0.444202302045
848125000.0,1.1901836363689977,-212.64434972033354,0.892992755847,-0.444508775548
848687500.0,1.179804673131351,-212.49951142546985,0.892874180313,-0.444788417813
849250000.0,1.2121154728476422,-212.35382756460876,0.89267493942,-0.445029212274
849812500.0,1.217194380499201,-212.25088075602656,0.892567051324,-0.445216460107
850375000.0,1.2022281953422378,-212.04960427817105,0.892402236061,-0.445606843074
850937500.0,1.2163277793757945,-211.8487966925143,0.892183018036,-0.445969066554
851500000.0,1.1990011266127472,-211.6992191205941,0.892071520315,-0.446266027997
852062500.0,1.20164633775543,-211.49803159522241,0.891872493249,-0.446641006195
852625000.0,1.1858177324334422,-211.29450616361214,0.891705422809,-0.447038852195
853187500.0,1.2025716142847358,-211.1220072091287,0.891506655693,-0.447347308871
853750000.0,1.1822769026274103,-210.9335617391735,0.891361791589,-0.447722251292
854312500.0,1.2263367943814867,-210.77355249381142,0.891122759183,-0.447981336726
854875000.0,1.1842624232553849,-210.6025348375929,0.891035311694,-0.448345614034
855437500.0,1.1958475460393656,-210.42252367763976,0.890837275766,-0.448674980997
856000000.0,1.1891791597001165,-210.22871716663474,0.890659834337,-0.449048864222
856562500.0,1.1528311500164308,-210.07880695970283,0.890581517624,-0.449369149666
857125000.0,1.1573920403672477,-209.89075734529794,0.890387685731,-0.449722136698
857687500.0,1.1438758476506103,-209.73106405971956,0.890255823488,-0.45003947262
858250000.0,1.1241008574359017,-209.5684275164997,0.890132721132,-0.450369052594
858812500.0,1.1370995386400302,-209.39744113448938,0.889938489677,-0.450682554094
859375000.0,1.1283982545838074,-209.26291756550643,0.889821553378,-0.450948278844
859937500.0,1.1279786020443632,-209.11313096787535,0.889673366547,-0.451235280199
860500000.0,1.1456007346984223,-208.9195802256341,0.889446621592,-0.451588505712
861062500.0,1.1575903489719217,-208.79916040653458,0.88930328092,-0.451807480493
861625000.0,1.1711865924480027,-208.65078507396092,0.88912860157,-0.452078715878
862187500.0,1.2042569581031088,-208.4927980341304,0.888906466389,-0.452349141303
862750000.0,1.146268099025769,-208.3039158762676,0.888828078158,-0.452770994168
863312500.0,1.1759973761639,-208.17513624511852,0.888640999917,-0.45298921766
863875000.0,1.160499903518272,-208.0273187452269,0.888521637033,-0.453290038015
864437500.0,1.1891431302272475,-207.8788079522671,0.888316043833,-0.45354788644
865000000.0,1.1931300148009734,-207.75269581741674,0.888180463092,-0.453787651409
865562500.0,1.180269588003317,-207.61548769578422,0.888065993094,-0.454066256794
866125000.0,1.1903220520429811,-207.46315143649693,0.88789149528,-0.454351189047
866687500.0,1.1804803442705767,-207.36600403228366,0.887811558936,-0.45454963622
867250000.0,1.1565002567906695,-207.19646519960997,0.887685044285,-0.454903320133
867812500.0,1.1547957117327805,-207.0458308456879,0.887534279883,-0.455197956307
868375000.0,1.1858999247095057,-206.8940003551344,0.887318083657,-0.455461610994
868937500.0,1.1364138829895152,-206.75524654367828,0.887272024008,-0.4557828502
869500000.0,1.1392079987484576,-206.6158743459304,0.887123217454,-0.456051941979
870062500.0,1.1803113300049426,-206.494442383218,0.886917778243,-0.456246742514
870625000.0,1.1875258137203135,-206.32854276093929,0.886732287794,-0.456563618378
871187500.0,1.1769476647379609,-206.2070486920721,0.886627240422,-0.456812358326
871750000.0,1.1293848871796734,-206.06815873062249,0.886576501687,-0.45713382834
872312500.0,1.1810879803823389,-205.95021257919885,0.886352625748,-0.457311515051
872875000.0,1.197405142189279,-205.78485910222554,0.886148501325,-0.457619181057
873437500.0,1.1753564695398107,-205.65028022089376,0.886051506534,-0.457906719731
874000000.0,1.1885466728053184,-205.51719022273062,0.885886524659,-0.458154847969
874562500.0,1.1818261563136654,-205.41637910190786,0.885794284229,-0.458360444873
875125000.0,1.1910316970430797,-205.2689173122827,0.885621585701,-0.458641533267
875687500.0,1.162943982474893,-205.1789462631433,0.885582586983,-0.458848580821
876250000.0,1.16427004915258,-205.06108182542138,0.885456109536,-0.459080019562
876812500.0,1.189317506581828,-204.94030649546892,0.885279441547,-0.459292437483
877375000.0,1.17957826800909,-204.8365298608139,0.88518928425,-0.459508057724
877937500.0,1.1614276168422772,-204.67121621448706,0.885050644089,-0.459854729887
878500000.0,1.193829525962514,-204.58952292156297,0.884899958151,-0.459982440622
879062500.0,1.1644620858576389,-204.44840385592218,0.884808705327,-0.460293636909
879625000.0,1.1723066358968166,-204.33946959138308,0.884677509871,-0.460501744285
880187500.0,1.1495063772973613,-204.23074344251862,0.884607305685,-0.460742193169
880750000.0,1.182016538770172,-204.0835158103541,0.88438584544,-0.461000654833
881312500.0,1.1671295463023967,-203.95458876467498,0.884277974123,-0.461273446606
881875000.0,1.1698779681127305,-203.84204165373393,0.884152243572,-0.461495007004
882437500.0,1.197204579412077,-203.76505787086927,0.884015324399,-0.46161942493
883000000.0,1.1838306558650256,-203.61849163866938,0.883884955225,-0.461926549277
883562500.0,1.1749553486365667,-203.50212735761545,0.883777787133,-0.462168797286
884125000.0,1.200699502529752,-203.46605995176637,0.883687508836,-0.462213300409
884687500.0,1.1589566237276059,-203.3250331162931,0.883619367925,-0.462540626948
885250000.0,1.1546170531817466,-203.1737801512937,0.883465066364,-0.462848601953
885812500.0,1.2060640247169603,-203.08754819127844,0.883268708792,-0.462966099429
886375000.0,1.1951845877507923,-202.9751513372682,0.883168988278,-0.463203570338
886937500.0,1.2040176560284104,-202.83301135597029,0.882997230977,-0.463479724137
887500000.0,1.1850686638592067,-202.7651667765137,0.882961749219,-0.46363678038
888062500.0,1.1675580249513047,-202.67935458186196,0.882903834455,-0.463828569757
888625000.0,1.1273474638822107,-202.55659813081311,0.882851464606,-0.464119692933
889187500.0,1.1481364850470996,-202.4914270957609,0.882738618212,-0.464228536428
889750000.0,1.134919028497586,-202.36898845520855,0.882631900067,-0.464490100143
890312500.0,1.1545301464970803,-202.25231079116375,0.882464938097,-0.46470445141
890875000.0,1.1491835519408067,-202.13506185186216,0.882347572792,-0.464947414587
891437500.0,1.1440650451158048,-202.04008150016648,0.882253957297,-0.465145272341
892000000.0,1.1163600453546856,-201.95262205293133,0.882214245378,-0.465352813958
892562500.0,1.1117496139162333,-201.85103550670314,0.882112157152,-0.465563854344
893125000.0,1.1007883353691013,-201.76096204555046,0.882035476039,-0.46575868234
893687500.0,1.1113560751327127,-201.65757159164392,0.881900312892,-0.46595703845
894250000.0,1.1184788182150043,-201.54611085533082,0.881763063247,-0.466175741394
894812500.0,1.1092679004193935,-201.42331332255088,0.881646328017,-0.466435731405
895375000.0,1.1025858854141461,-201.33354826712159,0.881560770309,-0.46662590463
895937500.0,1.1274996141533498,-201.21342183560768,0.881377084276,-0.466843146273
896500000.0,1.107366378005995,-201.0925660975477,0.881284206543,-0.467111988632
897062500.0,1.1265983010739666,-201.015408468986,0.881159313968,-0.467248161217
897625000.0,1.0776740577361517,-200.9411389982254,0.881176771317,-0.467454232235
898187500.0,1.0968494819482904,-200.82718359958548,0.881010853831,-0.467665919647
898750000.0,1.093172276848905,-200.76061524720643,0.880944259134,-0.467806219889
899312500.0,1.048131624399577,-200.62976015315647,0.880890665373,-0.468124424495
899875000.0,1.0482146659470535,-200.54170122268448,0.880792235837,-0.468304875707
900437500.0,1.0127932004045472,-200.38866560731688,0.880693938414,-0.468658565434
901000000.0,1.0343831017121292,-200.26614435002728,0.880512422812,-0.468886169026
901562500.0,1.0099667930345344,-200.1411151792829,0.880422453947,-0.469170731174
902125000.0,1.0534807314038417,-200.00241862788735,0.880177034144,-0.469407425998
902687500.0,1.0268138889234935,-199.84225138720507,0.880051667089,-0.469767619653
903250000.0,1.0763866263097803,-199.73184378031675,0.879824809923,-0.469939513661
903812500.0,1.0262421445770045,-199.56753628350688,0.879742669875,-0.470335617212
904375000.0,1.060187820847162,-199.45607546499164,0.879546247153,-0.470527701586
904937500.0,1.0556919724430496,-199.2990360761041,0.879377357415,-0.470857909616
905500000.0,1.0470833829151915,-199.17117147727416,0.87924983712,-0.471132723029
906062500.0,1.0823923795251962,-199.06917751354328,0.879060431438,-0.471304089746
906625000.0,1.0936971730815308,-198.90001048259847,0.878843868816,-0.471642435287
907187500.0,1.0390772344561376,-198.79923733334815,0.878842219072,-0.47191437915
907750000.0,1.074526871563355,-198.68328654509128,0.878635717155,-0.472115084795
908312500.0,1.0861314031563587,-198.55924063883265,0.878469263902,-0.472360110486
908875000.0,1.1270997379772107,-198.44377919598014,0.878251167667,-0.47255366576
909437500.0,1.1048954121950543,-198.33263927882433,0.878169523329,-0.472811064143
910000000.0,1.1058239101413851,-198.2064800949878,0.878022113805,-0.473073431213
910562500.0,1.0703874623764378,-198.09662115742947,0.877969339882,-0.473343999295
911125000.0,1.088450312824415,-197.94767103858956,0.877759263294,-0.473634823308
911687500.0,1.063505028239307,-197.78120171793694,0.877618585018,-0.474012571399
912250000.0,1.0884666759234423,-197.67976064661957,0.87744842398,-0.474196385031
912812500.0,1.0698135620693718,-197.5401237310887,0.877325159984,-0.474511289257
913375000.0,1.0721039770028853,-197.44409214199678,0.877208467953,-0.474710471663
913937500.0,1.066887605623297,-197.2826235636416,0.877030997916,-0.475056313114
914500000.0,1.1003525259582443,-197.1829788242812,0.876843986915,-0.475227044821
915062500.0,1.0827894363019401,-197.02735210736483,0.876698671812,-0.475575716837
915625000.0,1.063373366558685,-196.87454663859006,0.876560289093,-0.475921105869
916187500.0,1.0890618135221848,-196.741052289469,0.876348969544,-0.476173039493
916750000.0,1.0661572166497433,-196.59525798288144,0.87622560326,-0.476508529035
917312500.0,1.0881377714231917,-196.46488964914147,0.876025094559,-0.47675873851
917875000.0,1.0603432604762482,-196.3196640296244,0.875912226526,-0.477099612792
918437500.0,1.0715559108747397,-196.18434745656234,0.875728032458,-0.477373646143
919000000.0,1.075333389187954,-196.05964895405387,0.875571917546,-0.477634203189
919562500.0,1.0611107653612117,-195.90974136073908,0.875423830274,-0.477970119038
920125000.0,1.0817568082768112,-195.78325114395386,0.875229058004,-0.478214967507
920687500.0,1.061854793704023,-195.61625625159465,0.87507201842,-0.478594915059
921250000.0,1.0629195630505106,-195.5060686915805,0.874937879688,-0.478828936803
921812500.0,1.0284544676867,-195.3791569761709,0.874859462687,-0.479141548354
922375000.0,1.0527362516871723,-195.24487807978375,0.874646288507,-0.479399771966
922937500.0,1.0320218118028377,-195.12047394848713,0.874541038123,-0.479691206294
923500000.0,1.0308760637216854,-194.9896974138469,0.874385945258,-0.479973075408
924062500.0,1.0514590183301773,-194.8519744865541,0.874175497865,-0.480243917632
924625000.0,1.0223909145062269,-194.71608261187293,0.874073627098,-0.480571168648
925187500.0,1.0293019828306533,-194.59557864166564,0.87391277406,-0.480822110782
925750000.0,1.065456796697075,-194.48973338335577,0.873706445018,-0.48100617085
926312500.0,1.0251708072340104,-194.36224701356832,0.873638302408,-0.481329961113
926875000.0,1.0133135515533316,-194.25849933129734,0.87353760826,-0.481568295234
927437500.0,1.022908001070882,-194.13384171076714,0.873364904612,-0.4818258803
928000000.0,1.0011832951901432,-193.99693236566605,0.873244677814,-0.482148492963
928562500.0,0.991620710002055,-193.89361183697395,0.873139008928,-0.482383878325
929125000.0,0.9945990056550283,-193.76880234447913,0.872979660431,-0.482650703243
929687500.0,1.0212455106868459,-193.65086876102916,0.872777113788,-0.482873794919
930250000.0,0.9946949151721437,-193.55683553131234,0.8727191633,-0.483110567019
930812500.0,0.9893481792091716,-193.4416708789836,0.872589040728,-0.483367403781
931375000.0,0.9714168770617284,-193.3542242843854,0.87252027912,-0.483579701192
931937500.0,0.9476194187628609,-193.20987187609916,0.872393969556,-0.483923391789
932500000.0,0.9626745204456568,-193.1126035160257,0.872240928087,-0.484116801798
933062500.0,0.9568168730037456,-192.9879278704581,0.872099352867,-0.484396050974
933625000.0,0.9163028452576286,-192.91033471814694,0.872091660289,-0.484615717325
934187500.0,0.9185144920967426,-192.76564116141472,0.87190725721,-0.48492930201
934750000.0,0.903712033024464,-192.6785468278008,0.871831396701,-0.485138298295
935312500.0,0.8909214238226236,-192.55855756974515,0.871710083819,-0.485417055133
935875000.0,0.8896365326725489,-192.44710871993772,0.871573984879,-0.485663034331
936437500.0,0.8799048395556063,-192.35195140531198,0.871476568415,-0.485884023263
937000000.0,0.8651799701697264,-192.24099459408552,0.871370241643,-0.486146174956
937562500.0,0.8727547653444448,-192.15016227260188,0.871239907192,-0.486336406224
938125000.0,0.8662245315438024,-192.01893509093927,0.87108978141,-0.486633382445
938687500.0,0.8364754647095497,-191.9275661669109,0.871040634698,-0.486872012479
939250000.0,0.8441961492471164,-191.83037214226246,0.870901469583,-0.487076618543
939812500.0,0.822648474284491,-191.74149516900303,0.870837193806,-0.48729986184
940375000.0,0.8396661331510702,-191.88163535433625,0.870975903655,-0.486969260222
940937500.0,0.8611596049004242,-191.74302232756315,0.870754106454,-0.48724799915
941500000.0,0.8327320356206016,-191.6111471916293,0.870650670915,-0.487575078929
942062500.0,0.8333606400681063,-191.51230175958364,0.870524513801,-0.487792820919
942625000.0,0.8266230578399153,-191.39056046442272,0.870385520602,-0.488070746468
943187500.0,0.8363358599953066,-191.2663843826505,0.870206744181,-0.488333518492
943750000.0,0.8137793799442974,-191.15129947756034,0.870110779588,-0.488617331221
944312500.0,0.7977561044677396,-190.9835882761104,0.869933247758,-0.489010085554
944875000.0,0.8127966296585452,-190.88251943069514,0.869771139035,-0.489215605761
945437500.0,0.8115239582528329,-190.78100522528027,0.86964452798,-0.489443064314
946000000.0,0.8153840746366466,-190.63299022708298,0.869446854017,-0.489767755484
946562500.0,0.8297500953074961,-190.5030766832437,0.869248519577,-0.490038988088
947125000.0,0.7994198616065844,-190.4058604835745,0.86919156563,-0.490294821724
947687500.0,0.7897605621952267,-190.30008347629496,0.869077369909,-0.490543510335
948250000.0,0.8107589913328968,-190.16830611251083,0.868860968972,-0.490811156749
948812500.0,0.8204345405805394,-190.05009224266385,0.868686999633,-0.491063251584
949375000.0,0.8270262216469193,-189.96172679384452,0.868558196607,-0.491252662246
949937500.0,0.8279515224794898,-189.83574407166537,0.868393276787,-0.491533880033
950500000.0,0.792768834431436,-189.72705325939324,0.868331536813,-0.491823346136
951062500.0,0.8235912691585304,-189.57856587095736,0.868069727619,-0.492116971831
951625000.0,0.8228137653439896,-189.44299016977803,0.867895259721,-0.492422893577
952187500.0,0.8259680050440553,-189.32104176923207,0.867729356795,-0.492693340628
952750000.0,0.848082545897449,-189.2187834826644,0.867546126215,-0.492894905969
953312500.0,0.8525313780554884,-189.07998449335105,0.867354673248,-0.493202120833
953875000.0,0.8743570859163121,-188.97189378720347,0.867163844535,-0.493417534874
954437500.0,0.8586934417937386,-188.86187388496006,0.867054913323,-0.49368665403
955000000.0,0.8531185654038099,-188.73202798695084,0.866896925251,-0.493987663635
955562500.0,0.8874503146219205,-188.64621316956922,0.866706266875,-0.494136724041
956125000.0,0.9053138016460508,-188.52905896871098,0.866511327937,-0.494378520582
956687500.0,0.9134943760537781,-188.42630237036306,0.866357049119,-0.494600643326
957250000.0,0.8844834951969899,-188.3004531112636,0.866256389905,-0.494924594921
957812500.0,0.9181336016063136,-188.19112811128508,0.866035078463,-0.495128315359
958375000.0,0.9346054200507745,-188.09453499466406,0.865869396219,-0.495325983949
958937500.0,0.9350747877056375,-188.0071086400752,0.865752085352,-0.495524201724
959500000.0,0.9487719366572114,-187.9070089819252,0.865587621645,-0.49573379351
960062500.0,0.9583642584180458,-187.79780005586693,0.865420109112,-0.49596975508
960625000.0,0.9520891007008431,-187.74174629614458,0.865359556173,-0.49610590051
961187500.0,0.9739230932896663,-187.6245484522991,0.86515303207,-0.496344011461
961750000.0,0.9530729761013561,-187.5404401489354,0.865087987191,-0.496563931982
962312500.0,0.9843374585227334,-187.4643337887522,0.864914523812,-0.496695849362
962875000.0,0.9804985549315918,-187.4003362769207,0.864837378949,-0.496847252479
963437500.0,0.9816372412295895,-187.31148991341496,0.864715367154,-0.497048888816
964000000.0,1.0329509838175401,-187.20440553748443,0.864453778971,-0.497224817327
964562500.0,0.995452868982215,-187.12995649579142,0.864439257092,-0.497445840673
965125000.0,0.9803588754499609,-187.08001613993065,0.864406472249,-0.49758063536
965687500.0,1.0100750642484833,-186.98287612576786,0.864207144889,-0.497763208033
966250000.0,0.9746762640649351,-186.8866313630882,0.864158202017,-0.498031922593
966812500.0,0.9832705601598812,-186.7964357392128,0.864016335512,-0.498227429626
967375000.0,0.9894094723534839,-186.74270372406428,0.863929389819,-0.498342575557
967937500.0,1.0138044011786567,-186.64434794898347,0.863739797331,-0.498535582223
968500000.0,1.0104243238635344,-186.55197894594272,0.863621998509,-0.498752684379
969062500.0,1.0073186218125185,-186.4778972482051,0.863528317381,-0.498927469554
969625000.0,1.0007415920432179,-186.40213982153952,0.863440251861,-0.499110963331
970187500.0,0.9892636022630099,-186.32031268852108,0.863355112931,-0.499315273203
970750000.0,1.0129671608790485,-186.22946169146383,0.863176350601,-0.499492501463
971312500.0,0.993171051012392,-186.13421775624988,0.863091800254,-0.499739477638
971875000.0,1.0122638479367467,-186.0594609403258,0.862945321951,-0.499886058638
972437500.0,1.0468620953323142,-185.9541690801127,0.862720920508,-0.500082005263
973000000.0,0.9969752606596388,-185.87085378116817,0.862721919611,-0.500343282654
973562500.0,1.0514050462096565,-185.766934997504,0.862452971487,-0.500509043419
974125000.0,0.9972247827247417,-185.68568455754996,0.862466624758,-0.500771934946
974687500.0,1.0199123174957232,-185.57109200694137,0.862255997878,-0.501006444937
975250000.0,0.9898592492967434,-185.48655865991208,0.862209043517,-0.501244182839
975812500.0,0.9977395047502787,-185.36663585627417,0.862024923422,-0.501511949856
976375000.0,0.9892038067760396,-185.2851706581221,0.861931972327,-0.501713228682
976937500.0,1.0175729461080611,-185.17618684872735,0.861714810201,-0.501927525476
977500000.0,0.9794818023613853,-185.0242987276125,0.861592533786,-0.502334340592
978062500.0,0.9657571509889191,-184.94044547115715,0.861507888973,-0.502549047426
978625000.0,0.9589995674348178,-184.82300943384195,0.861360065595,-0.502832671794
979187500.0,0.958405985567419,-184.6885943516028,0.861173859811,-0.503147698498
979750000.0,0.9842889362060262,-184.51792023290702,0.860874511904,-0.503510909939
980312500.0,0.9319993085482695,-184.41903040804206,0.860858439279,-0.503815912707
980875000.0,0.9316341338747579,-184.30927515322503,0.860705291149,-0.504073887626
981437500.0,0.928687429220585,-184.16793538945777,0.860513525177,-0.504409938281
982000000.0,0.9267376592564498,-184.02696942510374,0.860319543035,-0.504744116051
982562500.0,0.9339449511247484,-183.89878700856428,0.860121653991,-0.505035653227
983125000.0,0.9365543214081393,-183.74751917031665,0.859901540462,-0.50538841354
983687500.0,0.8958229499863096,-183.60186635696834,0.859791237702,-0.505789845717
984250000.0,0.8773629554844897,-183.47407354496062,0.859653461412,-0.506118038492
984812500.0,0.9069997712655404,-183.35821872389582,0.859418594462,-0.50634993657
985375000.0,0.8871482871554118,-183.22126594989166,0.859270453911,-0.506702506603
985937500.0,0.8861524661828695,-183.0421899826244,0.859017086928,-0.507128558717
986500000.0,0.8791992086207199,-182.90791523696205,0.858841411853,-0.507457339686
987062500.0,0.8847134958268436,-182.75047131343868,0.858602469542,-0.507823736413
987625000.0,0.8438872290777774,-182.59772645970284,0.858480129271,-0.508246085268
988187500.0,0.8584100626186691,-182.47062866315198,0.858262480619,-0.508528171344
988750000.0,0.8355094238301178,-182.31930177426958,0.858098785975,-0.508922415752
989312500.0,0.846574603769354,-182.1804592295382,0.857871582999,-0.509238242312
989875000.0,0.8243193561502365,-182.0006679874088,0.857664282483,-0.50970078881
990437500.0,0.7955672911931986,-181.85739823228283,0.857525143986,-0.510085978166
991000000.0,0.831854888270716,-181.69335641376043,0.857199262658,-0.51042688336
991562500.0,0.8251086500886394,-181.53300764593,0.856981451762,-0.510822070043
992125000.0,0.7859134667442098,-181.39274424422476,0.85687067997,-0.511216957022
992687500.0,0.7864788901153429,-181.25517606644397,0.856667791872,-0.51154766363
993250000.0,0.7994584927703325,-181.11262676158123,0.856427196464,-0.511872534697
993812500.0,0.7804884849623848,-180.94128249212687,0.856220892623,-0.512314411707
994375000.0,0.7887023196368549,-180.81362742220963,0.856012769771,-0.512611116471
994937500.0,0.7954052413129835,-180.63403531039722,0.855731053085,-0.51303620726
995500000.0,0.7631630070102294,-180.52579564735169,0.85564893174,-0.513346488015
996062500.0,0.7611073281053297,-180.3899413600021,0.855452379377,-0.51367943255
996625000.0,0.7542555928871368,-180.23740601674456,0.855242271435,-0.514060489956
997187500.0,0.7538698309517647,-180.1126581305035,0.85505737664,-0.514364742171
997750000.0,0.7601086466521124,-180.01177354437704,0.8548916288,-0.514601247954
998312500.0,0.724717900537474,-179.8542886482262,0.85474255059,-0.515038354392
998875000.0,0.726649141803884,-179.73012924715553,0.854551881481,-0.515338773257
999437500.0,0.7065830492671776,-179.62001425630817,0.854435767028,-0.515638168248
1000000000.0,0.7068439967474711,-179.47558850109178,0.854218084205,-0.515991394215
